time,id,organ_type,sub_type,connect_no,organ_id,organ_id2,parent_organ,length,res_main,carbon_q,c_satis,rw_satis,c_demand_2,growth_rate,exudation,order,organ_length,coor_x,coor_y,coor_z,connection_1,connection_2,radius,r_xyl_node,radial_water,r_xyl,r_st,connection_belong,JW_Trsv,Q_ST,C_ST,P_Xyl,P_ST,JW_Xyl,JW_ST,JS_ST
1,1,2,1,2,0,0,0,0.0,0.0,,,,,,,1,,0.0,0.0,-0.02,1,2,0.1,,,0.0001401689298628721,0.023382580359967046,,0.0649971,0.548186,0.42168100000000003,-0.111198,0.635625,9.61403,2.27687,0.9601139999999999
1,2,2,1,2,0,1,0,0.0025000000000000005,3.9666573232323245e-09,,,,,,,1,,2.8928687646074137e-05,0.00017740144563253434,-0.02249352999944227,2,3,0.1,,,0.0001401689298628721,0.023382580359967032,,0.0815942,0.529179,0.40706,-0.109851,0.586715,9.69563,2.35846,0.960038
1,3,2,1,2,0,1,0,0.005,3.9666573232323245e-09,,,,,,,1,,4.1336998246488365e-05,0.0003634974853913598,-0.024986563151611355,3,4,0.1,,,0.0001401689298628721,0.023382580359967032,,0.09288210000000001,0.509088,0.391606,-0.108492,0.5369189999999999,9.78851,2.45135,0.9599629999999999
1,4,2,1,2,0,1,0,0.0075,3.9666573232323245e-09,,,,,,,1,,0.00022248349765936328,0.0007077560761448553,-0.02745611209189233,4,5,0.1,,,0.0001401689298628721,0.023382580359967046,,0.104001,0.488331,0.375639,-0.10712,0.48608999999999997,9.892510000000001,2.55535,0.959889
1,5,2,1,2,0,1,0,0.01,3.9666573232323245e-09,,,,,,,1,,0.000375991283663732,0.00115036478410207,-0.02991182642610885,5,6,0.1,,,0.0001401689298628721,0.02338258035996706,,0.116584,0.46698900000000004,0.359222,-0.105733,0.43408,10.0091,2.67193,0.9598180000000001
1,6,2,1,2,0,1,0,0.012500000000000002,3.966657323232327e-09,,,,,,,1,,0.0006757815265555713,0.0014131844380902427,-0.032379832025726564,6,7,0.1,,,0.0001401689298628721,0.02338258035996701,,0.13147,0.445057,0.342352,-0.10432999999999999,0.380718,10.1406,2.8034,0.959749
1,7,2,1,2,0,1,0,0.015,3.9666573232323196e-09,,,,,,,1,,0.0008997876438896331,0.0018450101452219404,-0.034832044866826846,7,8,0.1,,,0.0001401689298628721,0.02338258035996706,,0.149417,0.42250699999999997,0.325006,-0.10290899999999999,0.325802,10.29,2.95282,0.959683
1,8,2,1,2,0,1,0,0.0175,3.966657323232327e-09,,,,,,,1,,0.0009269270828526483,0.002234305803979558,-0.03730139950740103,8,9,0.1,,,0.0001401689298628721,0.021524382535732984,,0.171342,0.399309,0.307161,-0.101466,0.269088,10.4613,3.12416,0.95962
1,9,2,1,1,0,1,0,0.019801326693244747,3.65142975236372e-09,3.31644672,1411.3612099162651,0.9349642286541388,0.002349821361603641,1.8699284573082775,3.3140968986383963,1,1.9801326693244747,0.000927099114183123,0.002583724777609621,-0.039576044732554466,10,1,0.1,,,0.0001401689298628721,0.023382580359967025,7.0,-2.91736,0.020933700000000003,0.0161029,-0.1,0.21495100000000003,9.54904,2.2118700000000002,0.960191
1,10,3,1,2,1,2,0,0.0024999999999999988,3.966657323232323e-09,,,,,,,1,,0.0,0.0,-0.0175,11,10,0.1,,,1e-09,0.0001,,0.023387900000000003,0.56434,0.434108,-0.11253699999999998,0.683846,9.5264,2.1884900000000003,0.960268
1,11,3,1,2,1,2,0,0.005000000000000001,3.966657323232327e-09,,,,,,,1,,0.0,0.0,-0.015,12,11,0.1,,,1e-09,0.0001,,0.0863029,0.570417,0.43878199999999995,-0.11253699999999998,0.6840510000000001,9.43645,2.1021799999999997,0.9603430000000001
1,12,3,1,2,1,2,0,0.0075,3.966657323232323e-09,,,,,,,1,,0.0,0.0,-0.0125,13,12,0.1,,,1e-09,0.0001,,0.33363400000000004,0.593881,0.45683100000000004,-0.11253699999999998,0.6842520000000001,9.10254,1.76855,0.960412
1,13,3,1,1,1,2,0,0.009754115099857198,3.576520867302847e-09,,,,,,,1,,0.0,0.0,-0.010245884900142803,,,0.1,,,,,,1.5615700000000001,0.705966,0.5430510000000001,-0.11253699999999998,0.684441,,,
2,1,2,1,2,0,0,0,0.0,0.0,,,,,,,1,,0.0,0.0,-0.02,1,2,0.1,,,0.0001401689298628721,0.023382580359967046,,0.137228,0.637382,0.49029399999999995,-0.145311,0.808198,18.5714,3.90834,1.9162299999999999
2,2,2,1,2,0,1,0,0.0025000000000000005,3.9666573232323245e-09,,,,,,,1,,2.8928687646074137e-05,0.00017740144563253434,-0.02249352999944227,2,3,0.1,,,0.0001401689298628721,0.023382580359967032,,0.199525,0.6063189999999999,0.46639899999999995,-0.142708,0.717014,18.7709,4.10786,1.9159
2,3,2,1,2,0,1,0,0.005,3.9666573232323245e-09,,,,,,,1,,4.1336998246488365e-05,0.0003634974853913598,-0.024986563151611355,3,4,0.1,,,0.0001401689298628721,0.023382580359967032,,0.243825,0.5722520000000001,0.440194,-0.140077,0.6239210000000001,19.0147,4.3516900000000005,1.9155799999999998
2,4,2,1,2,0,1,0,0.0075,3.9666573232323245e-09,,,,,,,1,,0.00022248349765936328,0.0007077560761448553,-0.02745611209189233,4,5,0.1,,,0.0001401689298628721,0.023382580359967046,,0.288539,0.536583,0.41275600000000007,-0.13741099999999998,0.52836,19.3033,4.640219999999999,1.9152799999999999
2,5,2,1,3,0,1,0,0.01,3.9666573232323245e-09,,,,,,,1,,0.000375991283663732,0.00115036478410207,-0.02991182642610885,5,6,0.1,,,0.0001401689298628721,0.02338258035996706,,0.341346,0.49973999999999996,0.384416,-0.134706,0.429727,19.6446,2.99065,1.14965
2,6,2,1,2,0,1,0,0.012500000000000002,3.966657323232327e-09,,,,,,,1,,0.0006757815265555713,0.0014131844380902427,-0.032379832025726564,6,7,0.1,,,0.0001401689298628721,0.02338258035996701,,0.24,0.46250399999999997,0.355773,-0.13195199999999999,0.368234,19.8846,3.23065,1.1493799999999998
2,7,2,1,2,0,1,0,0.015,3.9666573232323196e-09,,,,,,,1,,0.0008997876438896331,0.0018450101452219404,-0.034832044866826846,7,8,0.1,,,0.0001401689298628721,0.02338258035996706,,0.22554699999999997,0.43222200000000005,0.332478,-0.129165,0.303969,20.1101,3.4561900000000003,1.14911
2,8,2,1,2,0,1,0,0.0175,3.966657323232327e-09,,,,,,,1,,0.0009269270828526483,0.002234305803979558,-0.03730139950740103,8,9,0.1,,,0.0001401689298628721,0.023382580359967025,,0.24374099999999999,0.403658,0.310506,-0.126346,0.237023,20.3539,3.69993,1.14885
2,9,2,1,3,0,1,0,0.02,3.966657323232323e-09,,,,,,,1,,0.0009271139656309385,0.0026138900831865677,-0.03977241463079743,9,16,0.1,,,0.0001401689298628721,0.023382580359967025,,0.2797,0.375207,0.288621,-0.123493,0.16711199999999998,20.6335,1.3754899999999999,0.396995
2,10,3,1,2,3,2,0,0.0024999999999999988,3.966657323232323e-09,,,,,,,1,,0.0,0.0,-0.0175,16,17,0.1,,,0.0001401689298628721,0.023382580359967087,,0.00020543400000000003,0.660694,0.5082260000000001,-0.147895,0.8981399999999999,20.7514,1.49336,0.396755
2,11,3,1,2,3,2,0,0.005000000000000001,3.966657323232327e-09,,,,,,,1,,0.0,0.0,-0.015,17,18,0.1,,,0.0001401689298628721,0.02338258035996706,,0.000317296,0.660853,0.5083479999999999,-0.147895,0.898525,20.8308,1.5727799999999998,0.396512
2,12,3,1,2,3,2,0,0.0075,3.966657323232323e-09,,,,,,,1,,0.0,0.0,-0.0125,18,19,0.1,,,0.0001401689298628721,0.02338258035996706,,0.000645405,0.66103,0.5084850000000001,-0.147895,0.8989090000000001,20.904,1.64599,0.396268
2,13,3,1,3,3,2,0,0.01,3.9666573232323245e-09,,,,,,,1,,0.0,0.0,-0.01,19,20,0.1,,,0.0001401689298628721,0.023382580359967087,,0.00160789,0.661266,0.508666,-0.147895,0.899294,20.9812,1.72318,0.396024
2,14,2,3,1,1,3,1,0.01183247000275539,7.268780556033227e-10,2.645021952,9005.014577601418,0.9349642286541388,0.0002937276702004551,0.9349642286541388,2.6447282243297994,2,0.1832470002755393,0.000570824884022978,-0.000385574793176702,-0.030892069148151763,20,21,0.05,,,0.0001401689298628721,0.023382580359966997,16.0,-1.8259999999999998,0.0166953,0.012842500000000001,-0.1,-0.0503732,21.0667,1.8086900000000001,0.395783
2,15,2,3,1,2,4,1,0.020236779373691668,9.392226366444154e-11,2.59756416,8843.443854735533,0.9349642286541388,0.0002937276702004551,0.9349642286541388,2.5972704323297995,2,0.023677937369166457,0.0007042565089710787,0.0026316523082922506,-0.039850411612637825,21,22,0.05,,,0.0001401689298628721,0.02338258035996706,17.0,-2.44218,0.0163956,0.012612,-0.1,0.0943482,21.1635,1.90543,0.395548
2,16,2,1,2,0,1,0,0.0225,3.966657323232323e-09,,,,,,,1,,0.0010365934529538694,0.0030288048512446537,-0.0422353112947082,22,23,0.1,,,0.0001401689298628721,0.004302713619300815,,0.117871,0.345383,0.265679,-0.120601,0.14175,21.2743,2.01631,0.39532
2,17,2,1,2,0,1,0,0.025000000000000005,3.966657323232333e-09,,,,,,,1,,0.0010493201456216173,0.003419393283478416,-0.044704578130815416,5,14,0.1,,,817.5557556665477,0.27422641341860443,,0.0794199,0.327741,0.252109,-0.117692,0.114905,4.24505e-05,1.99092,0.765342
2,18,2,1,2,0,1,0,0.027500000000000007,3.966657323232327e-09,,,,,,,1,,0.001313173444621258,0.003950968830901474,-0.047133118613078145,9,15,0.1,,,817.5557556665447,0.035433681490739694,,0.07320700000000001,0.312972,0.240747,-0.114772,0.0870496,2.87358e-05,2.60414,0.75161
2,19,2,1,2,0,1,0,0.03000000000000001,3.966657323232327e-09,,,,,,,1,,0.00155880172790193,0.004427276003700795,-0.04957500276749508,10,1,0.1,,,0.0001401689298628721,0.023382580359967025,,0.077193,0.298768,0.229821,-0.11184200000000001,0.058257,18.4342,3.7711099999999997,1.91658
2,20,2,1,2,0,1,0,0.032500000000000015,3.966657323232333e-09,,,,,,,1,,0.0018222384111505115,0.00529714312299237,-0.05190393649534016,11,10,0.1,,,1e-09,0.0001,,0.085508,0.28447,0.218823,-0.108901,0.0284692,18.4325,3.7709,1.91693
2,21,2,1,2,0,1,0,0.03500000000000001,3.966657323232317e-09,,,,,,,1,,0.002209752994471473,0.006066453058865742,-0.05425084822573823,12,11,0.1,,,1e-09,0.0001,,0.0967373,0.269867,0.20759,-0.105948,-0.00242785,18.4322,3.7705900000000003,1.9172900000000002
2,22,2,1,2,0,1,0,0.03750000000000001,3.966657323232327e-09,,,,,,,1,,0.002686476348572221,0.006709170433629642,-0.056619318031294455,13,12,0.1,,,1e-09,0.0001,,0.11087999999999999,0.25488,0.19606099999999999,-0.10298199999999999,-0.0345873,18.4316,3.76994,1.9176400000000002
2,23,2,1,1,0,1,0,0.037960034088738506,7.299190348124221e-10,1.3662259200000002,581.4169291012046,0.9349642286541388,0.002349821361603641,1.8699284573082775,1.3638760986383967,1,3.7960034088738492,0.0027764735123259393,0.006831249828743862,-0.057053631851712694,29,13,0.1,,,1e-09,0.0001,15.0,-1.9311200000000002,0.00862345,0.00663342,-0.1,-0.0407728,9.21401,1.8835400000000002,0.959174
2,24,4,2,2,4,7,2,0.0125,1.5866629292929298e-08,,,,,,,2,,0.0020225424859373685,-2.476900181542729e-19,-0.008530536869268817,30,29,0.2,,,1e-09,0.0001,,0.00146743,0.661327,0.508713,-0.147895,0.899486,9.20566,1.8745,0.959525
2,25,4,2,2,4,7,2,0.015000000000000001,1.5866629292929298e-08,,,,,,,2,,0.004045084971874737,-4.953800363085458e-19,-0.007061073738537633,31,30,0.2,,,1e-09,0.0001,,0.00902793,0.662086,0.509297,-0.147895,0.8996790000000001,9.1613,1.8283599999999998,0.9598700000000001
2,26,4,2,2,4,7,2,0.0175,1.5866629292929298e-08,,,,,,,2,,0.006067627457812106,-7.430700544628187e-19,-0.00559161060780645,32,31,0.2,,,1e-09,0.0001,,0.0461174,0.665519,0.511938,-0.147895,0.8998709999999999,8.92699,1.5939,0.9601930000000001
2,27,4,2,2,4,7,2,0.02,1.586662929292929e-08,,,,,,,2,,0.008090169943749474,-9.907600726170917e-19,-0.004122147477075266,24,13,0.2,,,1e-09,0.0001,,0.2344,0.682553,0.52504,-0.147895,0.9000610000000001,9.21593,1.8848,0.9588200000000001
2,28,4,2,1,4,7,2,0.020367606998669515,2.333073589350216e-09,,,,,,,2,,0.008387570252924281,-1.0271811062867277e-18,-0.0039060735046178275,25,24,0.2,,,1e-09,0.0001,,1.3868,0.7832,0.6024619999999999,-0.147895,0.900244,9.214889999999999,1.88333,0.959174
2,29,3,1,2,3,2,0,0.0125,3.9666573232323245e-09,,,,,,,1,,0.0,0.0,-0.0075,26,25,0.1,,,1e-09,0.0001,,0.00903425,0.662013,0.5092409999999999,-0.147895,0.899486,9.20548,1.8743,0.959525
2,30,3,1,2,3,2,0,0.015,3.966657323232323e-09,,,,,,,1,,0.0,0.0,-0.005,27,26,0.1,,,1e-09,0.0001,,0.0461387,0.665447,0.511883,-0.147895,0.8996780000000001,9.1601,1.82818,0.9598700000000001
2,31,3,1,2,3,2,0,0.017499999999999998,3.966657323232323e-09,,,,,,,1,,0.0,0.0,-0.0025,28,27,0.1,,,1e-09,0.0001,,0.234461,0.682485,0.524988,-0.147895,0.899869,8.92649,1.59378,0.9601930000000001
2,32,3,1,1,3,2,0,0.019032516392808094,2.431586949002328e-09,,,,,,,1,,0.0,0.0,-0.0009674836071919035,,,0.1,,,,,,1.3869200000000002,0.783141,0.602416,-0.147895,0.9000520000000001,,,
3,1,2,1,2,0,0,0,0.0,0.0,,,,,,,1,,0.0,0.0,-0.02,1,2,0.1,,,0.0001401689298628721,0.023382580359967046,,0.07951119999999999,0.764397,0.5879979999999999,-0.161657,1.1428,17.7399,3.08034,1.81123
3,2,2,1,2,0,1,0,0.0025000000000000005,3.9666573232323245e-09,,,,,,,1,,2.8928687646074137e-05,0.00017740144563253434,-0.02249352999944227,2,3,0.1,,,0.0001401689298628721,0.023382580359967032,,0.10848699999999999,0.7362029999999999,0.5663100000000001,-0.159171,1.06158,17.8483,3.18883,1.8058599999999998
3,3,2,1,2,0,1,0,0.005,3.9666573232323245e-09,,,,,,,1,,4.1336998246488365e-05,0.0003634974853913598,-0.024986563151611355,3,4,0.1,,,0.0001401689298628721,0.023382580359967032,,0.125406,0.706288,0.543299,-0.156669,0.979793,17.9738,3.3142400000000003,1.80062
3,4,2,1,2,0,1,0,0.0075,3.9666573232323245e-09,,,,,,,1,,0.00022248349765936328,0.0007077560761448553,-0.02745611209189233,4,5,0.1,,,0.0001401689298628721,0.023382580359967046,,0.141278,0.675488,0.519606,-0.15415,0.897222,18.115,3.45551,1.79551
3,5,2,1,3,0,1,0,0.01,3.9666573232323245e-09,,,,,,,1,,0.000375991283663732,0.00115036478410207,-0.02991182642610885,5,6,0.1,,,0.0001401689298628721,0.02338258035996706,,0.15915,0.643957,0.49535200000000007,-0.15161,0.813638,18.2752,2.89935,1.4362
3,6,2,1,2,0,1,0,0.012500000000000002,3.966657323232327e-09,,,,,,,1,,0.0006757815265555713,0.0014131844380902427,-0.032379832025726564,6,7,0.1,,,0.0001401689298628721,0.02338258035996701,,0.13204200000000002,0.613823,0.472171,-0.149049,0.745574,18.4073,3.03139,1.43134
3,7,2,1,2,0,1,0,0.015,3.9666573232323196e-09,,,,,,,1,,0.0008997876438896331,0.0018450101452219404,-0.034832044866826846,7,8,0.1,,,0.0001401689298628721,0.02338258035996706,,0.135421,0.585629,0.450484,-0.14646900000000002,0.6763939999999999,18.5427,3.16681,1.4266
3,8,2,1,2,0,1,0,0.0175,3.966657323232327e-09,,,,,,,1,,0.0009269270828526483,0.002234305803979558,-0.03730139950740103,8,9,0.1,,,0.0001401689298628721,0.023382580359967025,,0.149085,0.5574939999999999,0.42884099999999997,-0.14387,0.605989,18.6918,3.3159,1.4219899999999999
3,9,2,1,3,0,1,0,0.02,3.966657323232323e-09,,,,,,,1,,0.0009271139656309385,0.0026138900831865677,-0.03977241463079743,9,16,0.1,,,0.0001401689298628721,0.023382580359967025,,0.16838599999999998,0.52889,0.40683800000000003,-0.14125,0.5341520000000001,18.861,2.78377,1.1325399999999999
3,10,3,1,2,4,2,0,0.0024999999999999988,3.966657323232323e-09,,,,,,,1,,0.0,0.0,-0.0175,16,17,0.1,,,0.0001401689298628721,0.023382580359967087,,-0.00880895,0.787031,0.605408,-0.164133,1.22371,19.0048,2.92758,1.12822
3,11,3,1,2,4,2,0,0.005000000000000001,3.966657323232327e-09,,,,,,,1,,0.0,0.0,-0.015,17,18,0.1,,,0.0001401689298628721,0.02338258035996706,,-0.00881771,0.787155,0.605504,-0.164133,1.22406,19.1536,3.0763599999999998,1.12404
3,12,3,1,2,4,2,0,0.0075,3.966657323232323e-09,,,,,,,1,,0.0,0.0,-0.0125,18,19,0.1,,,0.0001401689298628721,0.02338258035996706,,-0.00886456,0.787276,0.605597,-0.164133,1.22441,19.319000000000003,3.2418299999999998,1.12
3,13,3,1,3,4,2,0,0.01,3.9666573232323245e-09,,,,,,,1,,0.0,0.0,-0.01,19,20,0.1,,,0.0001401689298628721,0.023382580359967087,,-0.00906617,0.787385,0.605681,-0.164133,1.22476,19.5085,1.4151200000000002,0.460305
3,14,2,3,2,1,3,1,0.012499999999999997,9.916643308080799e-10,,,,,,,2,,0.0006417986366712637,-0.0009450850390454546,-0.03124915080327324,20,21,0.05,,,0.0001401689298628721,0.023382580359966997,,0.00019542799999999999,0.631499,0.48576800000000003,-0.42578,0.544959,19.5844,1.49104,0.45651899999999995
3,15,2,3,2,2,4,1,0.0225,9.916643308080807e-10,,,,,,,2,,-0.001425893532290587,0.002801429910122814,-0.040595934228644256,21,22,0.05,,,0.0001401689298628721,0.02338258035996706,,0.000312669,0.517085,0.397758,-0.388916,0.297563,19.6351,1.54169,0.45275
3,16,2,1,2,0,1,0,0.0225,3.966657323232323e-09,,,,,,,1,,0.0010365934529538694,0.0030288048512446537,-0.0422353112947082,22,23,0.1,,,0.0001401689298628721,0.02338258035996706,,0.14381300000000002,0.5009899999999999,0.385377,-0.138606,0.475391,19.6821,1.58869,0.44900500000000004
3,17,2,1,2,0,1,0,0.025000000000000005,3.966657323232333e-09,,,,,,,1,,0.0010493201456216173,0.003419393283478416,-0.044704578130815416,23,41,0.1,,,0.0001401689298628721,0.02338258035996706,,0.148781,0.47499300000000005,0.365379,-0.135942,0.415127,19.7316,1.63819,0.44530299999999995
3,18,2,1,2,0,1,0,0.027500000000000007,3.966657323232327e-09,,,,,,,1,,0.001313173444621258,0.003950968830901474,-0.047133118613078145,41,42,0.1,,,0.0001401689298628721,0.023382580359966997,,0.165467,0.44913000000000003,0.345485,-0.133257,0.35325100000000004,19.7859,1.6925299999999999,0.441659
3,19,2,1,3,0,1,0,0.03000000000000001,3.966657323232327e-09,,,,,,,1,,0.00155880172790193,0.004427276003700795,-0.04957500276749508,42,43,0.1,,,0.0001401689298628721,0.023382580359966997,,0.189502,0.42285900000000004,0.325276,-0.130549,0.289519,19.8465,1.7531400000000001,0.438089
3,20,2,1,2,0,1,0,0.032500000000000015,3.966657323232333e-09,,,,,,,1,,0.0018222384111505115,0.00529714312299237,-0.05190393649534016,43,44,0.1,,,0.0001401689298628721,0.023382580359966997,,0.0759183,0.398028,0.306175,-0.127815,0.26233,19.9148,1.8214099999999998,0.43461099999999997
3,21,2,1,2,0,1,0,0.03500000000000001,3.966657323232317e-09,,,,,,,1,,0.002209752994471473,0.006066453058865742,-0.05425084822573823,44,45,0.1,,,0.0001401689298628721,0.023382580359967122,,0.0506527,0.381772,0.293671,-0.12507000000000001,0.234294,19.9923,1.89893,0.43123999999999996
3,22,2,1,2,0,1,0,0.03750000000000001,3.966657323232327e-09,,,,,,,1,,0.002686476348572221,0.006709170433629642,-0.056619318031294455,45,46,0.1,,,0.0001401689298628721,0.023382580359966997,,0.0469978,0.36741399999999996,0.28262600000000004,-0.12231700000000001,0.20570700000000003,20.0811,1.9877200000000002,0.427996
3,23,2,1,2,0,1,0,0.040000000000000015,3.966657323232327e-09,,,,,,,1,,0.0031755551253239023,0.007372596243274458,-0.058979544322400504,46,47,0.1,,,0.0001401689298628721,0.007317266761668841,,0.0495037,0.353373,0.271826,-0.119559,0.176608,20.1837,2.0903,0.42489499999999997
3,24,4,2,2,5,7,2,0.0125,1.5866629292929298e-08,,,,,,,2,,0.0020225424859373685,-2.476900181542729e-19,-0.008530536869268817,5,14,0.2,,,264.152692956853,0.3741212857594722,,-0.00914724,0.787441,0.6057239999999999,-0.164133,1.2249299999999999,-0.00103792,0.7153149999999999,0.35433200000000004
3,25,4,2,2,5,7,2,0.015000000000000001,1.5866629292929298e-08,,,,,,,2,,0.004045084971874737,-4.953800363085458e-19,-0.007061073738537633,14,33,0.2,,,264.152692956853,0.37412128575947295,,-0.009089700000000001,0.787509,0.605776,-0.164133,1.2251100000000001,-0.000842494,0.7155100000000001,0.347572
3,26,4,2,2,5,7,2,0.0175,1.5866629292929298e-08,,,,,,,2,,0.006067627457812106,-7.430700544628187e-19,-0.00559161060780645,33,34,0.2,,,277.9068852157845,0.3741212857594724,,-0.00870279,0.787606,0.605851,-0.164133,1.22529,-0.0007286269999999999,0.7156239999999999,0.33831700000000003
3,27,4,2,2,5,7,2,0.02,1.586662929292929e-08,,,,,,,2,,0.008090169943749474,-9.907600726170917e-19,-0.004122147477075266,34,35,0.2,,,344.472273678983,0.37412128575947295,,-0.0060335,0.7878970000000001,0.606074,-0.164133,1.22547,-0.000497279,0.715856,0.325546
3,28,4,2,2,5,7,2,0.0225,1.586662929292929e-08,,,,,,,2,,0.010112712429686843,-1.2384500907713653e-18,-0.0026526843463440847,35,36,0.2,,,384.4189430403212,0.16181630415491594,,0.012453,0.7895270000000001,0.607328,-0.164133,1.22565,0.00239873,0.7187520000000001,0.308159
3,29,3,1,2,4,2,0,0.0125,3.9666573232323245e-09,,,,,,,1,,0.0,0.0,-0.0075,9,15,0.1,,,299.23881110632954,0.3741212857594724,,-0.00915679,0.7874399999999999,0.605723,-0.164133,1.2249299999999999,-0.000827655,0.700518,0.28499800000000003
3,30,3,1,2,4,2,0,0.015,3.966657323232323e-09,,,,,,,1,,0.0,0.0,-0.005,15,37,0.1,,,377.03023994357915,0.37412128575947295,,-0.00914673,0.787504,0.605772,-0.164133,1.2251100000000001,-0.0005149859999999999,0.7008310000000001,0.27876100000000004
3,31,3,1,2,4,2,0,0.017499999999999998,3.966657323232323e-09,,,,,,,1,,0.0,0.0,-0.0025,37,38,0.1,,,510.23047748787116,0.3741212857594724,,-0.00908923,0.787572,0.605825,-0.164133,1.22528,-0.000336937,0.701009,0.269836
3,32,3,1,2,4,2,0,0.019999999999999997,3.966657323232323e-09,,,,,,,1,,0.0,0.0,0.0,38,39,0.1,,,713.7763597511242,0.3008370603388047,,-0.00870259,0.787669,0.605899,-0.164133,1.22546,0.000917651,0.702263,0.256995
3,33,2,3,2,1,3,1,0.015,9.916643308080818e-10,,,,,,,2,,0.0007587803758603916,-0.0030022570908113462,-0.03266490446197577,19,40,0.05,,,817.5557556665324,0.20092606077367842,,0.00011386700000000001,0.614586,0.472758,-0.6483270000000001,0.27933800000000003,3.7366599999999996e-05,2.01621,0.655825
3,34,2,3,2,1,3,1,0.017499999999999998,9.916643308080807e-10,,,,,,,2,,0.0009217450519796971,-0.00500438008286711,-0.034153173939932974,10,1,0.05,,,0.0001401689298628721,0.023382580359967025,,0.00023134799999999998,0.591194,0.454765,-0.8508180000000001,0.017846599999999997,17.6603,3.00083,1.81673
3,35,2,3,2,1,3,1,0.02,9.916643308080818e-10,,,,,,,2,,0.0009737032108531976,-0.007276758232600431,-0.035194134022904965,11,10,0.05,,,1e-09,0.0001,,0.00289601,0.5573640000000001,0.428742,-1.0221200000000001,-0.23810599999999998,17.6709,3.00964,1.82235
3,36,2,3,1,1,3,1,0.021081309125638402,4.2891827618915074e-10,1.064997504,3625.7990378406976,0.9349642286541388,0.0002937276702004551,0.9349642286541388,1.0647037763297995,2,1.1081309125638406,0.0011759639560577108,-0.008189085772027163,-0.03573817306281089,12,11,0.05,,,1e-09,0.0001,27.0,-0.652389,0.0067174999999999995,0.00516731,-0.1,-0.345855,17.6804,3.0184599999999997,1.82797
3,37,2,3,2,2,4,1,0.025,9.916643308080818e-10,,,,,,,2,,-0.0037657016406333534,0.0029470621759856482,-0.041464317357955915,13,12,0.05,,,1e-09,0.0001,,0.000178049,0.5004029999999999,0.384925,-0.5830810000000001,0.06337709999999999,17.6904,3.02732,1.83359
3,38,2,3,2,2,4,1,0.0275,9.916643308080807e-10,,,,,,,2,,-0.0061180289953018056,0.003117722568466065,-0.042293431974228565,29,13,0.05,,,1e-09,0.0001,,0.00125459,0.47573699999999997,0.365952,-0.754997,-0.16738599999999998,8.84141,1.51355,0.916795
3,39,2,3,1,2,4,1,0.02951029099245249,7.974135487039646e-10,0.8881747199999999,3023.8033733555408,0.9349642286541388,0.0002937276702004551,0.9349642286541388,0.8878809923297994,2,0.9510290992452486,-0.008000158917976974,0.0032585879249228326,-0.04298554018820719,30,29,0.05,,,1e-09,0.0001,31.0,-0.646917,0.00560244,0.00430957,-0.1,-0.34923699999999996,8.85507,1.52271,0.922416
3,40,2,3,1,3,5,1,0.03134265322785495,5.325845258832311e-10,2.2665311999999997,7716.437468942577,0.9349642286541388,0.0002937276702004551,0.9349642286541388,2.266237472329799,2,0.13426532278549397,0.000602779161101212,0.005267166813517278,-0.050003163916623385,31,30,0.05,,,1e-09,0.0001,32.0,-1.87493,0.014300799999999999,0.0110006,-0.1,-0.0433453,8.86386,1.53186,0.9280379999999999
3,41,2,1,2,0,1,0,0.04250000000000002,3.966657323232327e-09,,,,,,,1,,0.0038686435219033176,0.007835262813231913,-0.06133656959158427,32,31,0.1,,,1e-09,0.0001,,0.054337699999999996,0.33923000000000003,0.260946,-0.11679300000000001,0.14695899999999998,8.870339999999999,1.54095,0.933659
3,42,2,1,2,0,1,0,0.04500000000000001,3.966657323232317e-09,,,,,,,1,,0.004580332013477761,0.008185122133406782,-0.06370745506900558,50,32,0.1,,,1e-09,0.0001,,0.0606122,0.324855,0.249888,-0.11401900000000001,0.116692,8.88405,1.54965,0.9392780000000001
3,43,2,1,2,0,1,0,0.04750000000000001,3.966657323232317e-09,,,,,,,1,,0.005215176421018154,0.008504945117502605,-0.06610426249494925,51,50,0.1,,,1e-09,0.0001,,0.0682658,0.310196,0.23861300000000002,-0.11123800000000002,0.0857175,8.89063,1.55568,0.944886
3,44,2,1,2,0,1,0,0.05,3.966657323232317e-09,,,,,,,1,,0.005715413769424562,0.009281098249197718,-0.06842748200920509,52,51,0.1,,,1e-09,0.0001,,0.07752569999999999,0.295225,0.227096,-0.108446,0.053930099999999995,8.87463,1.54324,0.950441
3,45,2,1,2,0,1,0,0.05250000000000001,3.966657323232338e-09,,,,,,,1,,0.006159039988457825,0.00991954468250464,-0.07080352534416007,53,52,0.1,,,1e-09,0.0001,,0.0887819,0.279917,0.21531999999999998,-0.105644,0.0212007,8.7337,1.40068,0.9557760000000001
3,46,2,1,2,0,1,0,0.05500000000000001,3.966657323232317e-09,,,,,,,1,,0.006600832943289906,0.010480001717674515,-0.07319950257627003,24,13,0.1,,,1e-09,0.0001,,0.10258199999999999,0.264251,0.20327,-0.10282899999999999,-0.012627,8.85544,1.52283,0.922417
3,47,2,1,1,0,1,0,0.055782341667282014,1.2413125215175828e-09,1.4684371199999997,624.9143632764755,0.9349642286541388,0.002349821361603641,1.8699284573082775,1.4660872986383962,1,5.578234166728202,0.006739764679979925,0.010660457333115657,-0.07394796248018048,25,24,0.1,,,1e-09,0.0001,22.0,-1.99878,0.0092642,0.00712631,-0.1,-0.023616400000000003,8.8677,1.53198,0.9280379999999999
3,48,4,2,2,5,7,2,0.024999999999999998,1.586662929292929e-08,,,,,,,2,,0.012135254915624212,-1.4861401089256388e-18,-0.0011832212156129027,26,25,0.2,,,1e-09,0.0001,,0.142593,0.8005760000000001,0.6158279999999999,-0.164133,1.22583,8.87533,1.5410700000000002,0.933659
3,49,4,2,1,5,7,2,0.02544997972331484,2.8558645836685955e-09,,,,,,,2,,0.012499296158910055,-1.5307223032604022e-18,-0.0009187297704177913,27,26,0.2,,,1e-09,0.0001,,1.1937799999999998,0.8870239999999999,0.682326,-0.164133,1.22601,8.882710000000001,1.54977,0.9392780000000001
3,50,3,1,2,4,2,0,0.022499999999999996,3.966657323232323e-09,,,,,,,1,,0.0,0.0,0.0025,28,27,0.1,,,1e-09,0.0001,,-0.00603466,0.787959,0.606122,-0.164133,1.22564,8.891760000000001,1.5558100000000001,0.944886
3,51,3,1,2,4,2,0,0.024999999999999994,3.966657323232323e-09,,,,,,,1,,0.0,0.0,0.005,48,28,0.1,,,1e-09,0.0001,,0.012445399999999999,0.789589,0.607376,-0.164133,1.2258200000000001,8.87766,1.54335,0.950441
3,52,3,1,2,4,2,0,0.027499999999999993,3.966657323232323e-09,,,,,,,1,,0.0,0.0,0.0075,49,48,0.1,,,1e-09,0.0001,,0.142561,0.800636,0.615874,-0.164133,1.226,8.73506,1.40076,0.9557760000000001
3,53,3,1,1,4,2,0,0.027858404714988454,5.686674749559884e-10,,,,,,,1,,0.0,0.0,0.00785840471498846,,,0.1,,,,,,1.1937,0.887077,0.6823670000000001,-0.164133,1.2261799999999998,,,
4,1,2,1,2,0,0,0,0.0,0.0,,,,,,,1,,0.0,0.0,-0.02,1,2,0.1,,,0.0001401689298628721,0.023382580359967046,,0.07986189999999999,1.0040200000000001,0.772321,-0.214971,1.79302,25.2952,3.3029599999999997,2.55094
4,2,2,1,2,0,1,0,0.0025000000000000005,3.9666573232323245e-09,,,,,,,1,,2.8928687646074137e-05,0.00017740144563253434,-0.02249352999944227,2,3,0.1,,,0.0001401689298628721,0.023382580359967032,,0.10456099999999999,0.968857,0.745274,-0.211425,1.68153,25.3998,3.40752,2.53953
4,3,2,1,2,0,1,0,0.005,3.9666573232323245e-09,,,,,,,1,,4.1336998246488365e-05,0.0003634974853913598,-0.024986563151611355,3,4,0.1,,,0.0001401689298628721,0.023382580359967032,,0.117943,0.932334,0.71718,-0.20786500000000002,1.57075,25.5177,3.52546,2.5283900000000004
4,4,2,1,2,0,1,0,0.0075,3.9666573232323245e-09,,,,,,,1,,0.00022248349765936328,0.0007077560761448553,-0.02745611209189233,4,5,0.1,,,0.0001401689298628721,0.023382580359967046,,0.130609,0.895158,0.688583,-0.204288,1.46048,25.6483,3.6560699999999997,2.5175099999999997
4,5,2,1,3,0,1,0,0.01,3.9666573232323245e-09,,,,,,,1,,0.000375991283663732,0.00115036478410207,-0.02991182642610885,5,6,0.1,,,0.0001401689298628721,0.02338258035996706,,0.14486300000000002,0.8574129999999999,0.6595479999999999,-0.200693,1.35047,25.7945,3.242,2.13826
4,6,2,1,2,0,1,0,0.012500000000000002,3.966657323232327e-09,,,,,,,1,,0.0006757815265555713,0.0014131844380902427,-0.032379832025726564,6,7,0.1,,,0.0001401689298628721,0.02338258035996701,,0.124547,0.8216899999999999,0.632069,-0.197077,1.25663,25.919,3.36655,2.1278900000000003
4,7,2,1,2,0,1,0,0.015,3.9666573232323196e-09,,,,,,,1,,0.0008997876438896331,0.0018450101452219404,-0.034832044866826846,7,8,0.1,,,0.0001401689298628721,0.02338258035996706,,0.13001400000000002,0.7873859999999999,0.605681,-0.193444,1.16266,26.049,3.4965699999999997,2.11781
4,8,2,1,2,0,1,0,0.0175,3.966657323232327e-09,,,,,,,1,,0.0009269270828526483,0.002234305803979558,-0.03730139950740103,8,9,0.1,,,0.0001401689298628721,0.023382580359967025,,0.143004,0.75295,0.5791930000000001,-0.18979300000000002,1.06834,26.191999999999997,3.6395699999999995,2.1080099999999997
4,9,2,1,3,0,1,0,0.02,3.966657323232323e-09,,,,,,,1,,0.0009271139656309385,0.0026138900831865677,-0.03977241463079743,9,16,0.1,,,0.0001401689298628721,0.023382580359967025,,0.160019,0.717996,0.552305,-0.186122,0.973453,26.353,3.26638,1.80404
4,10,3,1,2,6,2,0,0.0024999999999999988,3.966657323232323e-09,,,,,,,1,,0.0,0.0,-0.0175,16,17,0.1,,,0.0001401689298628721,0.023382580359967087,,-0.014583,1.0336100000000001,0.795082,-0.218505,1.90537,26.497,3.41034,1.79485
4,11,3,1,2,6,2,0,0.005000000000000001,3.966657323232327e-09,,,,,,,1,,0.0,0.0,-0.015,17,18,0.1,,,0.0001401689298628721,0.02338258035996706,,-0.0145845,1.03376,0.795198,-0.218505,1.90585,26.6495,3.5628800000000003,1.78598
4,12,3,1,2,6,2,0,0.0075,3.966657323232323e-09,,,,,,,1,,0.0,0.0,-0.0125,18,19,0.1,,,0.0001401689298628721,0.02338258035996706,,-0.014615600000000001,1.03391,0.7953140000000001,-0.218505,1.9063299999999999,26.8198,3.7331,1.77745
4,13,3,1,3,6,2,0,0.01,3.9666573232323245e-09,,,,,,,1,,0.0,0.0,-0.01,19,20,0.1,,,0.0001401689298628721,0.023382580359967087,,-0.014802500000000001,1.03405,0.79542,-0.218505,1.9068200000000002,27.0144,3.24369,1.46146
4,14,2,3,2,1,3,1,0.012499999999999997,9.916643308080799e-10,,,,,,,2,,0.0006417986366712637,-0.0009450850390454546,-0.03124915080327324,20,21,0.05,,,0.0001401689298628721,0.023382580359966997,,0.00043737,0.824926,0.634558,-0.400527,1.0916299999999999,27.1874,3.41661,1.45363
4,15,2,3,2,2,4,1,0.0225,9.916643308080807e-10,,,,,,,2,,-0.001425893532290587,0.002801429910122814,-0.040595934228644256,21,22,0.05,,,0.0001401689298628721,0.02338258035996706,,0.00050532,0.686029,0.527714,-0.35376799999999997,0.7584850000000001,27.3704,3.5996699999999997,1.44613
4,16,2,1,2,0,1,0,0.0225,3.966657323232323e-09,,,,,,,1,,0.0010365934529538694,0.0030288048512446537,-0.0422353112947082,22,23,0.1,,,0.0001401689298628721,0.02338258035996706,,0.143959,0.684185,0.526296,-0.182428,0.8911479999999999,27.576999999999998,3.8062099999999996,1.43899
4,17,2,1,2,0,1,0,0.025000000000000005,3.966657323232333e-09,,,,,,,1,,0.0010493201456216173,0.003419393283478416,-0.044704578130815416,23,41,0.1,,,0.0001401689298628721,0.02338258035996706,,0.15254,0.6516569999999999,0.501274,-0.178714,0.8079689999999999,27.8163,2.47281,0.875417
4,18,2,1,2,0,1,0,0.027500000000000007,3.966657323232327e-09,,,,,,,1,,0.001313173444621258,0.003950968830901474,-0.047133118613078145,41,42,0.1,,,0.0001401689298628721,0.023382580359966997,,0.17022,0.6189720000000001,0.476133,-0.174978,0.7237180000000001,27.9752,2.63172,0.8689690000000001
4,19,2,1,3,0,1,0,0.03000000000000001,3.966657323232327e-09,,,,,,,1,,0.00155880172790193,0.004427276003700795,-0.04957500276749508,42,43,0.1,,,0.0001401689298628721,0.023382580359966997,,0.19379200000000002,0.5857220000000001,0.45055500000000004,-0.171219,0.6381140000000001,28.1203,2.77679,0.8627610000000001
4,20,2,1,2,0,1,0,0.032500000000000015,3.966657323232333e-09,,,,,,,1,,0.0018222384111505115,0.00529714312299237,-0.05190393649534016,43,44,0.1,,,0.0001401689298628721,0.023382580359966997,,0.17291900000000002,0.5530970000000001,0.42545900000000003,-0.167432,0.565994,28.2749,2.93138,0.856793
4,21,2,1,2,0,1,0,0.03500000000000001,3.966657323232317e-09,,,,,,,1,,0.002209752994471473,0.006066453058865742,-0.05425084822573823,44,45,0.1,,,0.0001401689298628721,0.023382580359967122,,0.183054,0.522263,0.40174099999999996,-0.163622,0.49227200000000004,28.4503,1.26904,0.347637
4,22,2,1,2,0,1,0,0.03750000000000001,3.966657323232327e-09,,,,,,,1,,0.002686476348572221,0.006709170433629642,-0.056619318031294455,45,46,0.1,,,0.0001401689298628721,0.023382580359966997,,0.206542,0.491483,0.378064,-0.15978499999999998,0.416742,28.5188,1.3375700000000001,0.342087
4,23,2,1,3,0,1,0,0.040000000000000015,3.966657323232327e-09,,,,,,,1,,0.0031755551253239023,0.007372596243274458,-0.058979544322400504,46,47,0.1,,,0.0001401689298628721,0.023382580359966997,,0.23942800000000003,0.46022299999999994,0.354018,-0.15592,0.339055,28.5615,1.38027,0.336566
4,24,4,2,2,7,7,2,0.0125,1.5866629292929298e-08,,,,,,,2,,0.0020225424859373685,-2.476900181542729e-19,-0.008530536869268817,47,68,0.2,,,0.0001401689298628721,0.023382580359966997,,-0.0149984,1.0340799999999999,0.7954479999999999,-0.218505,1.90698,28.5995,1.41822,0.33108000000000004
4,25,4,2,2,7,7,2,0.015000000000000001,1.5866629292929298e-08,,,,,,,2,,0.004045084971874737,-4.953800363085458e-19,-0.007061073738537633,68,69,0.2,,,0.0001401689298628721,0.02338258035996706,,-0.014996200000000001,1.03413,0.795488,-0.218505,1.90715,28.6391,1.4578200000000001,0.32565
4,26,4,2,2,7,7,2,0.0175,1.5866629292929298e-08,,,,,,,2,,0.006067627457812106,-7.430700544628187e-19,-0.00559161060780645,69,70,0.2,,,0.0001401689298628721,0.02338258035996706,,-0.014991800000000001,1.03419,0.795529,-0.218505,1.9073200000000001,28.6828,1.50156,0.320301
4,27,4,2,2,7,7,2,0.02,1.586662929292929e-08,,,,,,,2,,0.008090169943749474,-9.907600726170917e-19,-0.004122147477075266,70,71,0.2,,,0.0001401689298628721,0.02338258035996706,,-0.0149608,1.03424,0.795571,-0.218505,1.9074900000000001,28.7323,1.55098,0.31505700000000003
4,28,4,2,2,7,7,2,0.0225,1.586662929292929e-08,,,,,,,2,,0.010112712429686843,-1.2384500907713653e-18,-0.0026526843463440847,71,72,0.2,,,0.0001401689298628721,0.023382580359966928,,-0.0145833,1.0343200000000001,0.7956340000000001,-0.218505,1.90766,28.7888,1.60751,0.309944
4,29,3,1,2,6,2,0,0.0125,3.9666573232323245e-09,,,,,,,1,,0.0,0.0,-0.0075,72,73,0.1,,,0.0001401689298628721,0.023382580359967188,,-0.0148318,1.03415,0.7954979999999999,-0.218505,1.90715,28.8541,1.67284,0.304989
4,30,3,1,2,6,2,0,0.015,3.966657323232323e-09,,,,,,,1,,0.0,0.0,-0.005,73,74,0.1,,,0.0001401689298628721,0.007243749581939867,,-0.014827700000000001,1.03425,0.7955770000000001,-0.218505,1.9074799999999998,28.9303,1.74905,0.30022
4,31,3,1,2,6,2,0,0.017499999999999998,3.966657323232323e-09,,,,,,,1,,0.0,0.0,-0.0025,5,14,0.1,,,157.5244650729006,0.3741212857594722,,-0.014823500000000002,1.03435,0.795657,-0.218505,1.9078099999999998,-0.00126859,0.558926,0.368639
4,32,3,1,2,6,2,0,0.019999999999999997,3.966657323232323e-09,,,,,,,1,,0.0,0.0,0.0,14,33,0.1,,,157.5244650729006,0.37412128575947295,,-0.014819200000000001,1.03446,0.7957380000000001,-0.218505,1.9081400000000002,-0.0008312230000000001,0.5593640000000001,0.35494899999999996
4,33,2,3,2,1,3,1,0.015,9.916643308080818e-10,,,,,,,2,,0.0007587803758603916,-0.0030022570908113462,-0.03266490446197577,33,34,0.05,,,162.31503864694392,0.3741212857594724,,0.000315591,0.782259,0.601737,-0.531465,0.840974,-0.000515633,0.559679,0.33678
4,34,2,3,2,1,3,1,0.017499999999999998,9.916643308080807e-10,,,,,,,2,,0.0009217450519796971,-0.00500438008286711,-0.034153173939932974,34,35,0.05,,,182.96513017982622,0.37412128575947295,,0.00035747800000000005,0.724923,0.557633,-0.615159,0.6006560000000001,-0.000158154,0.560037,0.312295
4,35,2,3,2,1,3,1,0.02,9.916643308080818e-10,,,,,,,2,,0.0009737032108531976,-0.007276758232600431,-0.035194134022904965,35,36,0.05,,,264.152692956853,0.3741212857594724,,0.00024576,0.649666,0.49974300000000005,-0.644096,0.37335,8.76057e-05,0.560283,0.279997
4,36,2,3,2,1,3,1,0.0225,9.916643308080807e-10,,,,,,,2,,0.0014413325418391415,-0.00938607072658335,-0.036451958975563,36,54,0.05,,,264.152692956853,0.3741212857594724,,0.00013199,0.5565760000000001,0.42813500000000004,-0.620955,0.16176500000000002,0.000219595,0.560415,0.23993299999999998
4,37,2,3,2,2,4,1,0.025,9.916643308080818e-10,,,,,,,2,,-0.0037657016406333534,0.0029470621759856482,-0.041464317357955915,54,55,0.05,,,297.4688283438461,0.37412128575947295,,0.000290737,0.641555,0.493504,-0.44668100000000005,0.5498390000000001,0.000225827,0.5604210000000001,0.19455999999999998
4,38,2,3,2,2,4,1,0.0275,9.916643308080807e-10,,,,,,,2,,-0.0061180289953018056,0.003117722568466065,-0.042293431974228565,55,56,0.05,,,376.73330147724033,0.3741212857594724,,0.000229392,0.5794189999999999,0.44570699999999996,-0.48953100000000005,0.349717,0.000139256,0.560334,0.14821800000000002
4,39,2,3,2,2,4,1,0.03,9.916643308080807e-10,,,,,,,2,,-0.008458647753657574,0.0032929028744337558,-0.04315413847962641,56,57,0.05,,,384.41894304032064,0.028005689715972504,,0.000113525,0.498068,0.38313,-0.480126,0.160771,0.00089306,0.561088,0.105717
4,40,2,3,2,3,5,1,0.03250000000000001,9.916643308080807e-10,,,,,,,2,,-0.00022129782976286927,0.005991139986581756,-0.050372232350394064,9,15,0.05,,,169.36683853019372,0.3741212857594724,,0.000252898,0.565268,0.43482200000000004,-0.409058,0.395074,-0.000989843,0.533208,0.294493
4,41,2,1,2,0,1,0,0.04250000000000002,3.966657323232327e-09,,,,,,,1,,0.0038686435219033176,0.007835262813231913,-0.06133656959158427,15,37,0.1,,,191.76050403632703,0.37412128575947295,,0.158913,0.42924799999999996,0.330191,-0.15202100000000002,0.289964,-0.00048452300000000005,0.533713,0.281648
4,42,2,1,2,0,1,0,0.04500000000000001,3.966657323232317e-09,,,,,,,1,,0.004580332013477761,0.008185122133406782,-0.06370745506900558,37,38,0.1,,,221.12007881145752,0.3741212857594724,,0.145074,0.403915,0.310704,-0.148099,0.23911999999999997,-0.000193786,0.534004,0.263533
4,43,2,1,2,0,1,0,0.04750000000000001,3.966657323232317e-09,,,,,,,1,,0.005215176421018154,0.008504945117502605,-0.06610426249494925,38,39,0.1,,,264.152692956853,0.3741212857594724,,0.154588,0.379968,0.292283,-0.14415799999999998,0.18664,3.56056e-05,0.534233,0.23811100000000002
4,44,2,1,3,0,1,0,0.05,3.966657323232317e-09,,,,,,,1,,0.005715413769424562,0.009281098249197718,-0.06842748200920509,39,58,0.1,,,319.6108955814994,0.37412128575947295,,0.175464,0.356119,0.273938,-0.14019500000000001,0.13236900000000001,0.000149131,0.534347,0.204724
4,45,2,1,2,0,1,0,0.05250000000000001,3.966657323232338e-09,,,,,,,1,,0.006159039988457825,0.00991954468250464,-0.07080352534416007,58,59,0.1,,,411.9400327116781,0.37412128575947295,,0.06853189999999999,0.33247899999999997,0.255753,-0.136207,0.109348,0.000145487,0.534343,0.16535
4,46,2,1,2,0,1,0,0.05500000000000001,3.966657323232317e-09,,,,,,,1,,0.006600832943289906,0.010480001717674515,-0.07319950257627003,59,60,0.1,,,580.2928497965106,0.37412128575947295,,0.0426962,0.316994,0.243842,-0.132209,0.08556419999999999,7.93067e-05,0.534277,0.124329
4,47,2,1,2,0,1,0,0.0575,3.966657323232317e-09,,,,,,,1,,0.007044794138571408,0.011056653911300077,-0.0755912322233395,60,61,0.1,,,713.7763597511248,0.17066155958742668,,0.0379537,0.30348200000000003,0.233448,-0.128206,0.061338300000000005,0.00031733900000000003,0.534515,0.086642
4,48,4,2,2,7,7,2,0.024999999999999998,1.586662929292929e-08,,,,,,,2,,0.012135254915624212,-1.4861401089256388e-18,-0.0011832212156129027,19,40,0.2,,,264.152692956853,0.3741212857594724,,-0.00974016,1.03474,0.7959510000000001,-0.218505,1.90783,-0.000900383,0.683197,0.307818
4,49,4,2,2,7,7,2,0.027499999999999997,1.586662929292929e-08,,,,,,,2,,0.014157797401561582,-1.7338301270799128e-18,0.00028624191511827853,40,62,0.2,,,264.152692956853,0.37412128575947295,,0.052532,1.03938,0.7995260000000001,-0.218505,1.9080099999999998,-0.000647485,0.68345,0.29717899999999997
4,50,3,1,2,6,2,0,0.022499999999999996,3.966657323232323e-09,,,,,,,1,,0.0,0.0,0.0025,62,63,0.1,,,323.1093693124658,0.37412128575947295,,-0.014814099999999998,1.03457,0.7958189999999999,-0.218505,1.90848,-0.000437665,0.68366,0.282792
4,51,3,1,2,6,2,0,0.024999999999999994,3.966657323232323e-09,,,,,,,1,,0.0,0.0,0.005,63,64,0.1,,,416.7376872829301,0.37412128575947196,,-0.0148048,1.03467,0.795901,-0.218505,1.9088200000000002,-0.00024702700000000003,0.683851,0.262962
4,52,3,1,2,6,2,0,0.027499999999999993,3.966657323232323e-09,,,,,,,1,,0.0,0.0,0.0075,64,65,0.1,,,447.92180950415116,0.08964931822628482,,-0.0147666,1.03478,0.795986,-0.218505,1.9091599999999997,0.00161736,0.685715,0.23646999999999999
4,53,3,1,3,6,2,0,0.029999999999999992,3.966657323232323e-09,,,,,,,1,,0.0,0.0,0.01,23,66,0.1,,,817.5557556665431,0.36392837775276077,,-0.0145267,1.03491,0.796082,-0.218505,1.9095,6.83985e-05,1.57283,0.55681
4,54,2,3,2,1,3,1,0.024999999999999998,9.916643308080807e-10,,,,,,,2,,0.0018044121319562248,-0.011483429021461582,-0.0377631650593446,44,67,0.05,,,817.5557556665447,0.15169451281961344,,6.23121e-06,0.45131800000000005,0.347168,-0.562948,-0.0323293,4.91642e-05,1.83781,0.503445
4,55,2,3,2,1,3,1,0.0275,9.916643308080818e-10,,,,,,,2,,0.002212163854149153,-0.013616272890480445,-0.039002001434108174,10,1,0.05,,,0.0001401689298628721,0.023382580359967025,,-8.65709e-05,0.343871,0.264517,-0.49577200000000005,-0.208947,25.2154,3.22309,2.56262
4,56,2,3,2,1,3,1,0.03,9.916643308080807e-10,,,,,,,2,,0.002683743603059393,-0.0157600148172039,-0.04019865639357885,11,10,0.05,,,1e-09,0.0001,,0.000753805,0.24494000000000002,0.188415,-0.443309,-0.36990500000000004,25.2324,3.23768,2.5746
4,57,2,3,1,1,3,1,0.030187143118969563,7.423326233531596e-11,0.36535795200000004,1243.866305651969,0.9349642286541388,0.0002937276702004551,0.9349642286541388,0.36506422432979957,2,2.0187143118969564,0.0027057443252038733,-0.01591956956186772,-0.04029394961819656,12,11,0.05,,,1e-09,0.0001,38.0,-0.538389,0.00229777,0.00176751,-0.1,-0.38101799999999997,25.2478,3.2522599999999997,2.58657
4,58,2,3,2,2,4,1,0.0325,9.916643308080818e-10,,,,,,,2,,-0.01084410513676785,0.0033983617468406474,-0.043894727096603026,13,12,0.05,,,1e-09,0.0001,,-3.6436e-06,0.402278,0.30944499999999997,-0.432462,-0.014760200000000001,25.2632,3.26688,2.5985400000000003
4,59,2,3,2,2,4,1,0.035,9.916643308080818e-10,,,,,,,2,,-0.013225379059688267,0.003526005645482238,-0.044645221293222015,29,13,0.05,,,1e-09,0.0001,,-6.61804e-05,0.302516,0.23270500000000002,-0.37253000000000003,-0.176112,16.8643,2.19275,1.74433
4,60,2,3,2,2,4,1,0.037500000000000006,9.916643308080818e-10,,,,,,,2,,-0.015577525576337408,0.0036700460772000087,-0.04547988237308969,30,29,0.05,,,1e-09,0.0001,,0.000238032,0.210723,0.16209500000000002,-0.326509,-0.324346,16.8781,2.20758,1.7563
4,61,2,3,1,2,4,1,0.03864041599665321,4.5236394646557185e-10,0.29943475199999997,1019.4298405582629,0.9349642286541388,0.0002937276702004551,0.9349642286541388,0.2991410243297995,2,1.8640415996653203,-0.016632795715141587,0.0036535588124676005,-0.04591194920781826,31,30,0.05,,,1e-09,0.0001,46.0,-0.515915,0.00188281,0.00144832,-0.1,-0.387094,16.8835,2.22241,1.7682799999999999
4,62,2,3,2,3,5,1,0.03500000000000001,9.916643308080818e-10,,,,,,,2,,-0.001965967951692151,0.007602921045107065,-0.05115216054261839,32,31,0.05,,,1e-09,0.0001,,0.00020982099999999998,0.537738,0.413645,-0.5800930000000001,0.156476,16.895,2.2372400000000003,1.78025
4,63,2,3,2,3,5,1,0.03750000000000001,9.916643308080818e-10,,,,,,,2,,-0.003666226466040653,0.009333207518365463,-0.0517565029164798,50,32,0.05,,,1e-09,0.0001,,0.000190638,0.49988999999999995,0.384531,-0.7215060000000001,-0.07627619999999999,16.91,2.2520599999999997,1.79223
4,64,2,3,2,3,5,1,0.04000000000000001,9.916643308080793e-10,,,,,,,2,,-0.00542965363467846,0.01099980370620121,-0.052358816595223186,51,50,0.05,,,1e-09,0.0001,,0.00186439,0.44830699999999996,0.344852,-0.8244520000000001,-0.301286,16.9252,2.26687,1.8042
4,65,2,3,1,3,5,1,0.04059906587541722,2.3762890418222734e-10,0.81724032,2782.3062071144764,0.9349642286541388,0.0002937276702004551,0.9349642286541388,0.8169465923297996,2,1.0599065875417213,-0.005870274041846534,0.011372137053873778,-0.05252037605204132,52,51,0.05,,,1e-09,0.0001,51.0,-0.63483,0.00515105,0.00396235,-0.1,-0.352933,16.9459,2.28167,1.81618
4,66,2,3,1,4,8,1,0.042431887676572466,9.646465061554557e-10,1.9243353600000002,6551.426900593782,0.9349642286541388,0.0002937276702004551,0.9349642286541388,1.9240416323297997,2,0.24318876765724529,0.00154076499905827,0.006358730674905096,-0.060467366732436204,53,52,0.05,,,1e-09,0.0001,52.0,-1.45292,0.0121389,0.00933759,-0.1,-0.146919,16.9605,2.29644,1.82815
4,67,2,3,1,5,9,1,0.051013672026918165,4.0208895689306823e-10,1.73990592,5923.534268367012,0.9349642286541388,0.0002937276702004551,0.9349642286541388,1.7396121923297996,2,0.10136720269181554,0.005089694572481147,0.008791016355874991,-0.06905662921182947,80,53,0.05,,,1e-09,0.0001,53.0,-1.7293900000000002,0.0109745,0.00844193,-0.1,-0.08391900000000001,8.49715,1.1628,0.92605
4,68,2,1,2,0,1,0,0.06,3.966657323232317e-09,,,,,,,1,,0.0075190338408262225,0.011397481964300196,-0.07802206190538087,81,80,0.1,,,1e-09,0.0001,,0.0395978,0.29039699999999996,0.22338200000000002,-0.124197,0.0367258,8.50584,1.17255,0.937999
4,69,2,1,2,0,1,0,0.0625,3.966657323232327e-09,,,,,,,1,,0.007865388293673838,0.01163442548178379,-0.08048658951985695,82,81,0.1,,,1e-09,0.0001,,0.0437418,0.277306,0.213312,-0.120183,0.0117,8.45478,1.12014,0.9497549999999999
4,70,2,1,2,0,1,0,0.065,3.966657323232327e-09,,,,,,,1,,0.007835531014467717,0.012055290487034688,-0.08295072855616022,24,13,0.1,,,1e-09,0.0001,,0.049418800000000006,0.264075,0.20313499999999998,-0.11616199999999999,-0.013799,8.41801,1.08893,0.866185
4,71,2,1,2,0,1,0,0.0675,3.966657323232327e-09,,,,,,,1,,0.007559961571740936,0.012500858021761652,-0.0853952184935976,25,24,0.1,,,1e-09,0.0001,,0.0565365,0.250652,0.19280999999999998,-0.11213499999999998,-0.039851599999999994,8.43574,1.10392,0.878159
4,72,2,1,2,0,1,0,0.06999999999999999,3.9666573232323055e-09,,,,,,,1,,0.007485196660097978,0.013161935405320527,-0.08780507054319192,26,25,0.1,,,1e-09,0.0001,,0.0653273,0.237013,0.182318,-0.1081,-0.0665585,8.451419999999999,1.1189200000000001,0.890134
4,73,2,1,2,0,1,0,0.07250000000000001,3.966657323232349e-09,,,,,,,1,,0.007349375306855517,0.013720005321301094,-0.0902381982687503,27,26,0.1,,,1e-09,0.0001,,0.0762114,0.22314099999999998,0.171647,-0.104055,-0.09404320000000001,8.46604,1.13391,0.902109
4,74,2,1,1,0,1,0,0.07327448141633909,1.2288409527315044e-09,1.0375603199999999,441.54859469483864,0.9349642286541388,0.002349821361603641,1.8699284573082775,1.0352104986383963,1,7.327448141633908,0.007267034076919365,0.013878180196912837,-0.09099187067426373,28,27,0.1,,,1e-09,0.0001,29.0,-1.68441,0.00654317,0.00503321,-0.1,-0.102846,8.47991,1.14887,0.914083
4,75,4,2,1,7,7,2,0.02785072260700051,2.2259142359707516e-09,,,,,,,2,,0.014441537950936485,-1.7685783226379414e-18,0.0004923914911587489,48,28,0.2,,,1e-09,0.0001,,0.913684,1.10174,0.8474940000000001,-0.218505,1.90819,8.49635,1.16346,0.926055
4,76,4,2,2,8,13,2,0.032499999999999994,1.5866629292929308e-08,,,,,,,2,,-0.0020225424859373685,4.953800363085458e-19,0.011469463130731184,49,48,0.2,,,1e-09,0.0001,,-0.0145774,1.03496,0.7961199999999999,-0.218505,1.90967,8.50404,1.1732,0.938002
4,77,4,2,2,8,13,2,0.034999999999999996,1.5866629292929308e-08,,,,,,,2,,-0.004045084971874737,9.907600726170915e-19,0.012938926261462367,75,49,0.2,,,1e-09,0.0001,,-0.00975029,1.0353700000000001,0.7964359999999999,-0.218505,1.90985,8.4573,1.12067,0.949757
4,78,4,2,2,8,13,2,0.0375,1.5866629292929308e-08,,,,,,,2,,-0.006067627457812106,1.4861401089256375e-18,0.01440838939219355,76,53,0.2,,,1e-09,0.0001,,0.0524059,1.04,0.800004,-0.218505,1.91002,8.48395,1.14816,0.914077
4,79,4,2,1,8,13,2,0.03860110733514632,6.988344759396795e-09,,,,,,,2,,-0.006958442004576391,1.7043267455913937e-18,0.015055604044983623,77,76,0.2,,,1e-09,0.0001,,0.9131049999999999,1.1023100000000001,0.84793,-0.218505,1.9102,8.497119999999999,1.1627399999999999,0.92605
4,80,3,1,2,6,2,0,0.032499999999999994,3.966657323232327e-09,,,,,,,1,,0.0,0.0,0.0125,78,77,0.1,,,1e-09,0.0001,,-0.00974956,1.03531,0.796395,-0.218505,1.9096799999999998,8.50653,1.17249,0.937998
4,81,3,1,2,6,2,0,0.03499999999999999,3.966657323232317e-09,,,,,,,1,,0.0,0.0,0.015,79,78,0.1,,,1e-09,0.0001,,0.0524164,1.03995,0.799963,-0.218505,1.90985,8.45275,1.12009,0.9497549999999999
4,82,3,1,1,6,2,0,0.03625384938440365,1.989436337150052e-09,,,,,,,1,,0.0,0.0,0.01625384938440366,,,0.1,,,,,,0.9131540000000001,1.10226,0.847893,-0.218505,1.91003,,,
5,1,2,1,2,0,0,0,0.0,0.0,,,,,,,1,,0.0,0.0,-0.02,1,2,0.1,,,0.0001401689298628721,0.023382580359967046,,0.0593828,1.00653,0.774253,-0.239429,1.7812700000000001,25.0206,3.00719,2.32832
5,2,2,1,2,0,1,0,0.0025000000000000005,3.9666573232323245e-09,,,,,,,1,,2.8928687646074137e-05,0.00017740144563253434,-0.02249352999944227,2,3,0.1,,,0.0001401689298628721,0.023382580359967032,,0.0783029,0.974138,0.749337,-0.235922,1.6794900000000001,25.0989,3.08549,2.3120700000000003
5,3,2,1,2,0,1,0,0.005,3.9666573232323245e-09,,,,,,,1,,4.1336998246488365e-05,0.0003634974853913598,-0.024986563151611355,3,4,0.1,,,0.0001401689298628721,0.023382580359967032,,0.0876694,0.9407,0.723615,-0.232404,1.5786200000000001,25.1866,3.1731599999999998,2.29615
5,4,2,1,2,0,1,0,0.0075,3.9666573232323245e-09,,,,,,,1,,0.00022248349765936328,0.0007077560761448553,-0.02745611209189233,4,5,0.1,,,0.0001401689298628721,0.023382580359967046,,0.0962392,0.9068069999999999,0.6975439999999999,-0.22887399999999997,1.4784899999999999,25.2829,3.2694,2.28055
5,5,2,1,3,0,1,0,0.01,3.9666573232323245e-09,,,,,,,1,,0.000375991283663732,0.00115036478410207,-0.02991182642610885,5,6,0.1,,,0.0001401689298628721,0.02338258035996706,,0.10572000000000001,0.8725219999999999,0.671171,-0.22533000000000003,1.3789200000000001,25.3894,2.89301,1.9417099999999998
5,6,2,1,2,0,1,0,0.012500000000000002,3.966657323232327e-09,,,,,,,1,,0.0006757815265555713,0.0014131844380902427,-0.032379832025726564,6,7,0.1,,,0.0001401689298628721,0.02338258035996701,,0.08751439999999999,0.840367,0.646436,-0.221771,1.29388,25.4769,2.98053,1.92672
5,7,2,1,2,0,1,0,0.015,3.9666573232323196e-09,,,,,,,1,,0.0008997876438896331,0.0018450101452219404,-0.034832044866826846,7,8,0.1,,,0.0001401689298628721,0.02338258035996706,,0.0901817,0.8094680000000001,0.622668,-0.2182,1.20909,25.5671,3.07071,1.91203
5,8,2,1,2,0,1,0,0.0175,3.966657323232327e-09,,,,,,,1,,0.0009269270828526483,0.002234305803979558,-0.03730139950740103,8,9,0.1,,,0.0001401689298628721,0.023382580359967025,,0.0980673,0.778521,0.598863,-0.21461599999999997,1.12442,25.6651,3.16878,1.89766
5,9,2,1,3,0,1,0,0.02,3.966657323232323e-09,,,,,,,1,,0.0009271139656309385,0.0026138900831865677,-0.03977241463079743,9,16,0.1,,,0.0001401689298628721,0.023382580359967025,,0.108293,0.747225,0.574789,-0.211019,1.03969,25.7739,2.82743,1.6251799999999998
5,10,3,1,2,8,2,0,0.0024999999999999988,3.966657323232323e-09,,,,,,,1,,0.0,0.0,-0.0175,16,17,0.1,,,0.0001401689298628721,0.023382580359967087,,-0.0209224,1.0341200000000002,0.795478,-0.24292800000000003,1.88408,25.8666,2.92014,1.61142
5,11,3,1,2,8,2,0,0.005000000000000001,3.966657323232327e-09,,,,,,,1,,0.0,0.0,-0.015,17,18,0.1,,,0.0001401689298628721,0.02338258035996706,,-0.020920599999999998,1.03426,0.795585,-0.24292800000000003,1.8845299999999998,25.9629,3.01646,1.5979700000000001
5,12,3,1,2,8,2,0,0.0075,3.966657323232323e-09,,,,,,,1,,0.0,0.0,-0.0125,18,19,0.1,,,0.0001401689298628721,0.02338258035996706,,-0.0209434,1.0344,0.795692,-0.24292800000000003,1.88497,26.0686,3.1221099999999997,1.58483
5,13,3,1,3,8,2,0,0.01,3.9666573232323245e-09,,,,,,,1,,0.0,0.0,-0.01,19,20,0.1,,,0.0001401689298628721,0.023382580359967087,,-0.0211048,1.03453,0.795791,-0.24292800000000003,1.88542,26.186999999999998,2.7543599999999997,1.33638
5,14,2,3,2,1,3,1,0.012499999999999997,9.916643308080799e-10,,,,,,,2,,0.0006417986366712637,-0.0009450850390454546,-0.03124915080327324,20,21,0.05,,,0.0001401689298628721,0.023382580359966997,,0.000779657,0.816546,0.628112,-0.316162,1.1521700000000001,26.2886,2.8559,1.32388
5,15,2,3,2,2,4,1,0.0225,9.916643308080807e-10,,,,,,,2,,-0.001425893532290587,0.002801429910122814,-0.040595934228644256,21,22,0.05,,,0.0001401689298628721,0.02338258035996706,,0.000775753,0.688234,0.529411,-0.264824,0.8531780000000001,26.3942,2.96155,1.31168
5,16,2,1,2,0,1,0,0.0225,3.966657323232323e-09,,,,,,,1,,0.0010365934529538694,0.0030288048512446537,-0.0422353112947082,22,23,0.1,,,0.0001401689298628721,0.02338258035996706,,0.0927066,0.71738,0.5518310000000001,-0.207406,0.96639,26.5111,3.07838,1.29982
5,17,2,1,2,0,1,0,0.025000000000000005,3.966657323232333e-09,,,,,,,1,,0.0010493201456216173,0.003419393283478416,-0.044704578130815416,23,41,0.1,,,0.0001401689298628721,0.02338258035996706,,0.0963237,0.688674,0.529749,-0.203781,0.8928530000000001,26.6437,2.61943,1.05115
5,18,2,1,2,0,1,0,0.027500000000000007,3.966657323232327e-09,,,,,,,1,,0.001313173444621258,0.003950968830901474,-0.047133118613078145,41,42,0.1,,,0.0001401689298628721,0.023382580359966997,,0.105653,0.659899,0.5076149999999999,-0.200141,0.818964,26.7546,2.73031,1.03995
5,19,2,1,3,0,1,0,0.03000000000000001,3.966657323232327e-09,,,,,,,1,,0.00155880172790193,0.004427276003700795,-0.04957500276749508,42,43,0.1,,,0.0001401689298628721,0.023382580359966997,,0.11793599999999999,0.630743,0.485187,-0.196487,0.744557,26.8687,2.8445,1.02905
5,20,2,1,2,0,1,0,0.032500000000000015,3.966657323232333e-09,,,,,,,1,,0.0018222384111505115,0.00529714312299237,-0.05190393649534016,43,44,0.1,,,0.0001401689298628721,0.023382580359966997,,0.10153200000000001,0.602627,0.46356,-0.19281700000000002,0.680696,26.9956,2.97131,1.01849
5,21,2,1,2,0,1,0,0.03500000000000001,3.966657323232317e-09,,,,,,,1,,0.002209752994471473,0.006066453058865742,-0.05425084822573823,44,45,0.1,,,0.0001401689298628721,0.023382580359967122,,0.10565,0.5757760000000001,0.442905,-0.189132,0.616197,27.141,2.5729599999999997,0.832483
5,22,2,1,2,0,1,0,0.03750000000000001,3.966657323232327e-09,,,,,,,1,,0.002686476348572221,0.006709170433629642,-0.056619318031294455,45,46,0.1,,,0.0001401689298628721,0.023382580359966997,,0.116836,0.548913,0.422241,-0.18543199999999999,0.550951,27.2705,2.70243,0.822607
5,23,2,1,3,0,1,0,0.040000000000000015,3.966657323232327e-09,,,,,,,1,,0.0031755551253239023,0.007372596243274458,-0.058979544322400504,46,47,0.1,,,0.0001401689298628721,0.023382580359966997,,0.132056,0.521675,0.40128800000000003,-0.18171600000000002,0.48478000000000004,27.4073,2.83921,0.8130539999999999
5,24,4,2,2,9,7,2,0.0125,1.5866629292929298e-08,,,,,,,2,,0.0020225424859373685,-2.476900181542729e-19,-0.008530536869268817,47,68,0.2,,,0.0001401689298628721,0.023382580359966997,,-0.0212659,1.0345600000000001,0.7958189999999999,-0.24292800000000003,1.88558,27.5621,2.9941,0.803848
5,25,4,2,2,9,7,2,0.015000000000000001,1.5866629292929298e-08,,,,,,,2,,0.004045084971874737,-4.953800363085458e-19,-0.007061073738537633,68,69,0.2,,,0.0001401689298628721,0.02338258035996706,,-0.0212628,1.03461,0.7958569999999999,-0.24292800000000003,1.88573,27.7429,1.96793,0.492774
5,26,4,2,2,9,7,2,0.0175,1.5866629292929298e-08,,,,,,,2,,0.006067627457812106,-7.430700544628187e-19,-0.00559161060780645,69,70,0.2,,,0.0001401689298628721,0.02338258035996706,,-0.021257599999999998,1.03467,0.795896,-0.24292800000000003,1.8859,27.8644,2.0893599999999997,0.48425
5,27,4,2,2,9,7,2,0.02,1.586662929292929e-08,,,,,,,2,,0.008090169943749474,-9.907600726170917e-19,-0.004122147477075266,70,71,0.2,,,0.0001401689298628721,0.02338258035996706,,-0.0212265,1.03472,0.795938,-0.24292800000000003,1.8860599999999998,27.9739,2.19889,0.47590699999999997
5,28,4,2,2,9,7,2,0.0225,1.586662929292929e-08,,,,,,,2,,0.010112712429686843,-1.2384500907713653e-18,-0.0026526843463440847,71,72,0.2,,,0.0001401689298628721,0.023382580359966928,,-0.0208555,1.0348,0.795999,-0.24292800000000003,1.8862299999999999,28.09,2.3149599999999997,0.467737
5,29,3,1,2,8,2,0,0.0125,3.9666573232323245e-09,,,,,,,1,,0.0,0.0,-0.0075,72,73,0.1,,,0.0001401689298628721,0.023382580359967188,,-0.021132299999999996,1.03462,0.7958609999999999,-0.24292800000000003,1.88572,28.2223,1.05514,0.198225
5,30,3,1,2,8,2,0,0.015,3.966657323232323e-09,,,,,,,1,,0.0,0.0,-0.005,73,74,0.1,,,0.0001401689298628721,0.023382580359966928,,-0.021127200000000002,1.03471,0.795933,-0.24292800000000003,1.88602,28.2695,1.10238,0.190295
5,31,3,1,2,8,2,0,0.017499999999999998,3.966657323232323e-09,,,,,,,1,,0.0,0.0,-0.0025,74,103,0.1,,,0.0001401689298628721,0.02338258035996706,,-0.021122,1.03481,0.796007,-0.24292800000000003,1.88632,28.2901,1.12297,0.182123
5,32,3,1,2,8,2,0,0.019999999999999997,3.966657323232323e-09,,,,,,,1,,0.0,0.0,0.0,103,104,0.1,,,0.0001401689298628721,0.02338258035996706,,-0.0211166,1.03491,0.796081,-0.24292800000000003,1.88663,28.3013,1.13418,0.17368599999999998
5,33,2,3,2,1,3,1,0.015,9.916643308080818e-10,,,,,,,2,,0.0007587803758603916,-0.0030022570908113462,-0.03266490446197577,104,105,0.05,,,0.0001401689298628721,0.023382580359966928,,0.000625196,0.7402350000000001,0.569412,-0.319497,0.937608,28.3087,1.1415899999999999,0.16500399999999998
5,34,2,3,2,1,3,1,0.017499999999999998,9.916643308080807e-10,,,,,,,2,,0.0009217450519796971,-0.00500438008286711,-0.034153173939932974,105,106,0.05,,,0.0001401689298628721,0.02338258035996706,,0.000400439,0.638892,0.49145500000000003,-0.251236,0.738413,28.3142,1.1471200000000001,0.156095
5,35,2,3,2,1,3,1,0.02,9.916643308080818e-10,,,,,,,2,,0.0009737032108531976,-0.007276758232600431,-0.035194134022904965,106,107,0.05,,,0.0001401689298628721,0.02338258035996706,,-8.40858e-05,0.516308,0.39716,-0.127181,0.557519,28.3185,1.15137,0.146974
5,36,2,3,2,1,3,1,0.0225,9.916643308080807e-10,,,,,,,2,,0.0014413325418391415,-0.00938607072658335,-0.036451958975563,107,108,0.05,,,0.0001401689298628721,0.023382580359967188,,-0.00013906299999999998,0.385397,0.29646,0.0164537,0.39596,28.3215,1.15441,0.137627
5,37,2,3,2,2,4,1,0.025,9.916643308080818e-10,,,,,,,2,,-0.0037657016406333534,0.0029470621759856482,-0.041464317357955915,108,109,0.05,,,0.0001401689298628721,0.004139370243031897,,0.00044942,0.60383,0.46448500000000004,-0.22365500000000002,0.676724,28.3228,1.15564,0.12796400000000002
5,38,2,3,2,2,4,1,0.0275,9.916643308080807e-10,,,,,,,2,,-0.0061180289953018056,0.003117722568466065,-0.042293431974228565,5,14,0.05,,,112.22398272606881,0.3741212857594722,,0.000127212,0.49293400000000004,0.37918,-0.11503,0.51362,-0.000809382,0.48210299999999995,0.323574
5,39,2,3,2,2,4,1,0.03,9.916643308080807e-10,,,,,,,2,,-0.008458647753657574,0.0032929028744337558,-0.04315413847962641,14,33,0.05,,,112.22398272606881,0.37412128575947295,,-0.000173899,0.367755,0.28288800000000003,0.026241200000000003,0.36614800000000003,-2.972e-05,0.482883,0.303304
5,40,2,3,2,3,5,1,0.03250000000000001,9.916643308080807e-10,,,,,,,2,,-0.00022129782976286927,0.005991139986581756,-0.050372232350394064,33,34,0.05,,,114.63433848813831,0.3741212857594724,,0.000528541,0.581878,0.44759799999999994,-0.280922,0.564384,0.000595476,0.483508,0.27531500000000003
5,41,2,1,2,0,1,0,0.04250000000000002,3.966657323232327e-09,,,,,,,1,,0.0038686435219033176,0.007835262813231913,-0.06133656959158427,34,35,0.1,,,124.56319814058008,0.37412128575947295,,0.110883,0.49515600000000004,0.380889,-0.177982,0.42984700000000003,0.000995915,0.483908,0.237819
5,42,2,1,2,0,1,0,0.04500000000000001,3.966657323232317e-09,,,,,,,1,,0.004580332013477761,0.008185122133406782,-0.06370745506900558,35,36,0.1,,,157.5244650729006,0.3741212857594724,,0.11418299999999999,0.470301,0.36177,-0.174231,0.37393699999999996,0.000911829,0.483824,0.192156
5,43,2,1,2,0,1,0,0.04750000000000001,3.966657323232317e-09,,,,,,,1,,0.005215176421018154,0.008504945117502605,-0.06610426249494925,36,54,0.1,,,157.5244650729006,0.3741212857594724,,0.12681099999999998,0.445608,0.342775,-0.170465,0.31696199999999997,0.000772766,0.48368500000000003,0.143393
5,44,2,1,3,0,1,0,0.05,3.966657323232317e-09,,,,,,,1,,0.005715413769424562,0.009281098249197718,-0.06842748200920509,54,55,0.1,,,168.79837018887415,0.37412128575947295,,0.145002,0.420617,0.32355100000000003,-0.166681,0.258729,0.000439792,0.48335200000000006,0.0981395
5,45,2,1,2,0,1,0,0.05250000000000001,3.966657323232338e-09,,,,,,,1,,0.006159039988457825,0.00991954468250464,-0.07080352534416007,55,56,0.1,,,191.68366170637162,0.3741212857594724,,0.129475,0.395714,0.30439499999999997,-0.162877,0.209392,0.00010568100000000001,0.483018,0.061477
5,46,2,1,2,0,1,0,0.05500000000000001,3.966657323232317e-09,,,,,,,1,,0.006600832943289906,0.010480001717674515,-0.07319950257627003,56,57,0.1,,,264.152692956853,0.37412128575947295,,0.13678099999999999,0.372276,0.286366,-0.159055,0.15867799999999999,-0.000100634,0.48281199999999996,0.03529469999999999
5,47,2,1,2,0,1,0,0.0575,3.966657323232317e-09,,,,,,,1,,0.007044794138571408,0.011056653911300077,-0.0755912322233395,57,83,0.1,,,264.152692956853,0.37412128575947295,,0.154885,0.349021,0.268478,-0.15521300000000002,0.106459,-0.000229339,0.482683,0.0186296
5,48,4,2,2,9,7,2,0.024999999999999998,1.586662929292929e-08,,,,,,,2,,0.012135254915624212,-1.4861401089256388e-18,-0.0011832212156129027,83,84,0.2,,,325.03484036504415,0.37412128575947295,,-0.016056,1.03521,0.796313,-0.24292800000000003,1.8864,-0.00025298599999999997,0.482659,0.00907606
5,49,4,2,2,9,7,2,0.027499999999999997,1.586662929292929e-08,,,,,,,2,,0.014157797401561582,-1.7338301270799128e-18,0.00028624191511827853,84,85,0.2,,,384.4189430403208,0.247246749498211,,0.0460746,1.0398399999999999,0.799879,-0.24292800000000003,1.88657,-0.000424754,0.48248800000000003,0.00409724
5,50,3,1,2,8,2,0,0.022499999999999996,3.966657323232323e-09,,,,,,,1,,0.0,0.0,0.0025,9,15,0.1,,,118.1073357506579,0.3741212857594724,,-0.0211113,1.035,0.7961560000000001,-0.24292800000000003,1.88694,-0.000455565,0.44964,0.258448
5,51,3,1,2,8,2,0,0.024999999999999994,3.966657323232323e-09,,,,,,,1,,0.0,0.0,0.005,15,37,0.1,,,128.57818238231246,0.37412128575947295,,-0.0211073,1.0351,0.7962319999999999,-0.24292800000000003,1.88725,0.000320188,0.450416,0.23845500000000003
5,52,3,1,2,8,2,0,0.027499999999999993,3.966657323232323e-09,,,,,,,1,,0.0,0.0,0.0075,37,38,0.1,,,141.14404349682962,0.3741212857594724,,-0.0211145,1.0352,0.796308,-0.24292800000000003,1.88757,0.0007696080000000001,0.45086499999999996,0.20942
5,53,3,1,3,8,2,0,0.029999999999999992,3.966657323232323e-09,,,,,,,1,,0.0,0.0,0.01,38,39,0.1,,,157.5244650729006,0.3741212857594724,,-0.021206700000000002,1.03529,0.79638,-0.24292800000000003,1.88789,0.000896821,0.45099300000000003,0.171007
5,54,2,3,2,1,3,1,0.024999999999999998,9.916643308080807e-10,,,,,,,2,,0.0018044121319562248,-0.011483429021461582,-0.0377631650593446,39,58,0.05,,,175.70568398489974,0.37412128575947295,,-0.00033297400000000004,0.26395100000000005,0.203039,0.138183,0.25201399999999996,0.0007229210000000001,0.45081899999999997,0.127531
5,55,2,3,2,1,3,1,0.0275,9.916643308080818e-10,,,,,,,2,,0.002212163854149153,-0.013616272890480445,-0.039002001434108174,58,59,0.05,,,200.39803689597247,0.37412128575947295,,-0.000334111,0.16546,0.127277,0.212419,0.12212100000000001,0.000399298,0.450495,0.0860446
5,56,2,3,2,1,3,1,0.03,9.916643308080807e-10,,,,,,,2,,0.002683743603059393,-0.0157600148172039,-0.04019865639357885,59,60,0.05,,,233.3287280523553,0.37412128575947295,,-0.000206315,0.0950331,0.07310239999999998,0.23267600000000002,0.00223438,0.00010192,0.45019799999999993,0.052405099999999996
5,57,2,3,2,1,3,1,0.0325,9.916643308080818e-10,,,,,,,2,,0.0029776459686074704,-0.0178914683478273,-0.04147165570477988,60,61,0.05,,,279.44671284332,0.37412128575947295,,-0.000128705,0.050174800000000006,0.038596,0.20609299999999997,-0.111186,-8.78808e-05,0.450008,0.028878700000000004
5,58,2,3,2,2,4,1,0.0325,9.916643308080818e-10,,,,,,,2,,-0.01084410513676785,0.0033983617468406474,-0.043894727096603026,61,86,0.05,,,348.6573606159569,0.37412128575947295,,-0.000323623,0.2483,0.191,0.153263,0.23399499999999998,-0.00016773799999999999,0.449928,0.014465100000000002
5,59,2,3,2,2,4,1,0.035,9.916643308080818e-10,,,,,,,2,,-0.013225379059688267,0.003526005645482238,-0.044645221293222015,86,87,0.05,,,464.0997526903438,0.37412128575947295,,-0.000297378,0.151326,0.116405,0.233281,0.114474,-0.00017004400000000003,0.44992600000000005,0.00662139
5,60,2,3,2,2,4,1,0.037500000000000006,9.916643308080818e-10,,,,,,,2,,-0.015577525576337408,0.0036700460772000087,-0.04547988237308969,87,88,0.05,,,695.3308364243829,0.37412128575947295,,-0.000189801,0.08342589999999998,0.0641737,0.257062,0.00397388,-0.00012911,0.449967,0.00278506
5,61,2,3,2,2,4,1,0.04000000000000001,9.916643308080818e-10,,,,,,,2,,-0.017890870316110214,0.0036339029838446156,-0.04642705173057978,88,89,0.05,,,713.7763597511207,0.01936024133536864,,-7.98573e-05,0.04179480000000001,0.0321499,0.232504,-0.100802,-0.00014756600000000002,0.44994799999999996,0.00108192
5,62,2,3,2,3,5,1,0.03500000000000001,9.916643308080818e-10,,,,,,,2,,-0.001965967951692151,0.007602921045107065,-0.05115216054261839,19,40,0.05,,,157.5244650729006,0.3741212857594724,,0.000316502,0.511957,0.393813,-0.282099,0.392032,-0.000536012,0.48568500000000003,0.235648
5,63,2,3,2,3,5,1,0.03750000000000001,9.916643308080818e-10,,,,,,,2,,-0.003666226466040653,0.009333207518365463,-0.0517565029164798,40,62,0.05,,,157.5244650729006,0.37412128575947295,,0.00011038299999999999,0.419792,0.322917,-0.227475,0.23020500000000002,-7.4708000000000005e-06,0.486213,0.21762800000000002
5,64,2,3,2,3,5,1,0.04000000000000001,9.916643308080793e-10,,,,,,,2,,-0.00542965363467846,0.01099980370620121,-0.052358816595223186,62,63,0.05,,,176.75782012245364,0.37412128575947295,,-0.00012688,0.3152,0.242461,-0.142952,0.0810096,0.000309031,0.48653,0.191602
5,65,2,3,2,3,5,1,0.04250000000000001,9.916643308080818e-10,,,,,,,2,,-0.007268434748947433,0.01255361173863696,-0.05303303066519347,63,64,0.05,,,201.52668412952593,0.37412128575947196,,-0.000143144,0.21459499999999998,0.165073,-0.06567819999999999,-0.0554106,0.000419414,0.48663999999999996,0.157144
5,66,2,3,2,4,8,1,0.04250000000000001,9.916643308080793e-10,,,,,,,2,,0.0014949777882059564,0.006330334322487144,-0.060509037670683614,64,65,0.05,,,264.152692956853,0.37412128575947295,,0.000257262,0.487231,0.374793,-0.328583,0.286473,0.000292534,0.48651300000000003,0.117961
5,67,2,3,2,5,9,1,0.052500000000000005,9.916643308080818e-10,,,,,,,2,,0.004172214439840184,0.008072418616366398,-0.06997913576386465,65,90,0.05,,,280.6965170338421,0.37412128575947295,,0.000301755,0.38395,0.295346,-0.284113,0.09202719999999999,0.00014939,0.48636999999999997,0.0802865
5,68,2,1,3,0,1,0,0.06,3.966657323232317e-09,,,,,,,1,,0.0075190338408262225,0.011397481964300196,-0.07802206190538087,90,91,0.1,,,349.85873550197346,0.37412128575947295,,0.180865,0.325523,0.250402,-0.15135,0.0524698,-8.17194e-06,0.486213,0.0494214
5,69,2,1,2,0,1,0,0.0625,3.966657323232327e-09,,,,,,,1,,0.007865388293673838,0.01163442548178379,-0.08048658951985695,91,92,0.1,,,447.9218095041506,0.3310758321985229,,0.121429,0.30130100000000004,0.23176999999999998,-0.14746099999999998,0.017681400000000003,-0.000163859,0.48605699999999996,0.027566300000000002
5,70,2,1,2,0,1,0,0.065,3.966657323232327e-09,,,,,,,1,,0.007835531014467717,0.012055290487034688,-0.08295072855616022,23,66,0.1,,,264.152692956853,0.37412128575947196,,0.109529,0.28136,0.21643099999999998,-0.143555,-0.0185125,-0.0005559930000000001,0.59101,0.23716500000000001
5,71,2,1,2,0,1,0,0.0675,3.966657323232327e-09,,,,,,,1,,0.007559961571740936,0.012500858021761652,-0.0853952184935976,66,93,0.1,,,264.152692956853,0.37412128575947295,,0.11607100000000001,0.262665,0.20205,-0.13963399999999998,-0.055978599999999996,-0.000298731,0.591267,0.22160300000000002
5,72,2,1,3,0,1,0,0.06999999999999999,3.9666573232323055e-09,,,,,,,1,,0.007485196660097978,0.013161935405320527,-0.08780507054319192,93,94,0.1,,,264.152692956853,0.37412128575947295,,0.13233699999999998,0.24422600000000003,0.187866,-0.135697,-0.0948192,-0.000136882,0.591429,0.199653
5,73,2,1,2,0,1,0,0.07250000000000001,3.966657323232349e-09,,,,,,,1,,0.007349375306855517,0.013720005321301094,-0.0902381982687503,94,95,0.1,,,284.1237571425017,0.37412128575947395,,0.0472355,0.22441,0.172623,-0.131741,-0.112257,-8.7174e-06,0.591557,0.170103
5,74,2,1,2,0,1,0,0.075,3.9666573232323055e-09,,,,,,,1,,0.007083580582156461,0.014230588507271604,-0.09267102748070216,95,96,0.1,,,327.54052645918927,0.2501313007993761,,0.0205925,0.21083400000000002,0.16218,-0.127778,-0.130185,0.00105675,0.592623,0.134829
5,75,4,2,1,9,7,2,0.028984753246984636,9.423211744551348e-09,,,,,,,2,,0.01535898801082554,-1.8809335505600094e-18,0.0011589579769892104,44,67,0.2,,,264.152692956853,0.37412128575947295,,0.9079149999999999,1.1022299999999998,0.847872,-0.24292800000000003,1.88675,-0.000444561,0.543353,0.175803
5,76,4,2,2,10,13,2,0.032499999999999994,1.5866629292929308e-08,,,,,,,2,,-0.0020225424859373685,4.953800363085458e-19,0.011469463130731184,67,97,0.2,,,289.9002342791147,0.37412128575947295,,-0.021247799999999997,1.03534,0.796416,-0.24292800000000003,1.88805,-0.00014280600000000001,0.543655,0.16056600000000001
5,77,4,2,2,10,13,2,0.034999999999999996,1.5866629292929308e-08,,,,,,,2,,-0.004045084971874737,9.907600726170915e-19,0.012938926261462367,97,98,0.2,,,362.7059896334176,0.37412128575947196,,-0.0212169,1.03539,0.796457,-0.24292800000000003,1.88822,-1.0758499999999999e-05,0.543787,0.137982
5,78,4,2,2,10,13,2,0.0375,1.5866629292929308e-08,,,,,,,2,,-0.006067627457812106,1.4861401089256375e-18,0.01440838939219355,98,99,0.2,,,485.0324522144819,0.37412128575947295,,-0.0208478,1.0354700000000001,0.796519,-0.24292800000000003,1.88838,2.14774e-05,0.5438189999999999,0.108787
5,79,4,2,2,10,13,2,0.04,1.5866629292929308e-08,,,,,,,2,,-0.008090169943749474,1.981520145234183e-18,0.015877852522924733,99,100,0.2,,,503.77754157986413,0.04117898622588338,,-0.016065299999999998,1.03588,0.796832,-0.242929,1.88855,0.00043471199999999997,0.5442319999999999,0.0774767
5,80,3,1,2,8,2,0,0.032499999999999994,3.966657323232327e-09,,,,,,,1,,0.0,0.0,0.0125,68,101,0.1,,,817.5557556665477,0.31027295229848945,,-0.021247799999999997,1.03534,0.796416,-0.24292800000000003,1.88805,6.28086e-05,1.2070299999999998,0.302243
5,81,3,1,2,8,2,0,0.03499999999999999,3.966657323232317e-09,,,,,,,1,,0.0,0.0,0.015,72,102,0.1,,,817.5557556665372,0.09328951526418984,,-0.0212169,1.03539,0.796457,-0.24292800000000003,1.88822,4.3662700000000005e-05,1.39215,0.261538
5,82,3,1,2,8,2,0,0.03749999999999999,3.966657323232327e-09,,,,,,,1,,0.0,0.0,0.0175,10,1,0.1,,,0.0001401689298628721,0.023382580359967025,,-0.0208478,1.0354700000000001,0.796519,-0.24292800000000003,1.88838,24.9613,2.9478,2.34491
5,83,2,3,2,1,3,1,0.035,9.916643308080818e-10,,,,,,,2,,0.0034161161337235234,-0.02009139929059908,-0.042575307715759056,11,10,0.05,,,1e-09,0.0001,,-2.36471e-05,0.024445599999999998,0.0188043,0.145513,-0.22076199999999999,24.9844,2.96873,2.36187
5,84,2,3,2,1,3,1,0.037500000000000006,9.916643308080818e-10,,,,,,,2,,0.0036317058218546206,-0.02228081167404025,-0.04376273960921906,12,11,0.05,,,1e-09,0.0001,,-0.000171767,0.011039499999999999,0.00849191,0.0632834,-0.32823800000000003,25.0046,2.98965,2.3788400000000003
5,85,2,3,1,1,3,1,0.03915218312155306,6.553644278429262e-10,0.014160061440000003,48.208129082072645,0.9349642286541388,0.0002937276702004551,0.9349642286541388,0.013866333769799549,2,2.9152183121553055,0.004051682349898871,-0.02375960629376766,-0.04436812812554718,13,12,0.05,,,1e-09,0.0001,48.0,-0.481613,8.85119e-05,6.808609999999999e-05,-0.1,-0.398539,25.0265,3.01059,2.3958
5,86,2,3,2,2,4,1,0.04250000000000001,9.916643308080818e-10,,,,,,,2,,-0.020194220035888485,0.003591105673070192,-0.04739800407677801,29,13,0.05,,,1e-09,0.0001,,-2.3062799999999997e-06,0.0191316,0.0147166,0.174021,-0.202299,16.6737,1.99265,1.5858700000000001
5,87,2,3,2,2,4,1,0.04500000000000001,9.916643308080818e-10,,,,,,,2,,-0.022525280605311636,0.003585975846167031,-0.04830140338304106,30,29,0.05,,,1e-09,0.0001,,4.09344e-05,0.00804631,0.00618947,0.09510360000000001,-0.302091,16.6944,2.01378,1.60283
5,88,2,3,2,2,4,1,0.047500000000000014,9.916643308080818e-10,,,,,,,2,,-0.02473417780528367,0.003664502967804169,-0.049469567177687634,31,30,0.05,,,1e-09,0.0001,,-1.8456500000000002e-05,0.00312592,0.00240455,0.00532941,-0.401077,16.7151,2.03491,1.6198
5,89,2,3,1,2,4,1,0.04762937142360177,5.131721048468888e-11,0.0037391155200000004,12.729871576103921,0.9349642286541388,0.0002937276702004551,0.9349642286541388,0.0034453878497995452,2,2.7629371423601756,-0.024851023309853185,0.0036734555110425958,-0.04952437543688462,32,31,0.05,,,1e-09,0.0001,60.0,-0.449718,2.3322800000000003e-05,1.79406e-05,-0.1,-0.406181,16.7338,2.05603,1.63677
5,90,2,3,2,3,5,1,0.04500000000000001,9.916643308080818e-10,,,,,,,2,,-0.009064847410358803,0.014136157421348532,-0.05375306588103495,50,32,0.05,,,1e-09,0.0001,,-0.000157562,0.132139,0.101646,-0.023745,-0.18096600000000002,16.7574,2.07715,1.65373
5,91,2,3,2,3,5,1,0.047500000000000014,9.916643308080818e-10,,,,,,,2,,-0.010860405126646065,0.015719652496503703,-0.05447314631712566,51,50,0.05,,,1e-09,0.0001,,-0.000155687,0.0737283,0.056714,-0.026604000000000003,-0.29852199999999995,16.7797,2.09826,1.6707
5,92,2,3,1,3,5,1,0.04971235629193375,8.775659286998051e-10,0.09526913280000002,324.3451076127196,0.9349642286541388,0.0002937276702004551,0.9349642286541388,0.09497540512979956,2,1.971235629193373,-0.012492524113763616,0.01714770637398467,-0.05491060499787245,52,51,0.05,,,1e-09,0.0001,68.0,-0.480155,0.000597435,0.000459566,-0.1,-0.397931,16.8002,2.11936,1.68767
5,93,2,3,2,4,8,1,0.04500000000000001,9.916643308080818e-10,,,,,,,2,,-0.00010211116683578825,0.0052153656965634185,-0.062076249153824745,53,52,0.05,,,1e-09,0.0001,,0.00016185,0.43885100000000005,0.33757800000000004,-0.407494,0.0941143,16.8138,2.1404799999999997,1.7046299999999999
5,94,2,3,2,4,8,1,0.047500000000000014,9.916643308080818e-10,,,,,,,2,,-0.0016949491855987023,0.0041512060199049875,-0.06368262122422365,80,53,0.05,,,1e-09,0.0001,,0.000128164,0.373816,0.287551,-0.44365200000000005,-0.090248,8.42395,1.08084,0.8608
5,95,2,3,2,4,8,1,0.050000000000000024,9.916643308080844e-10,,,,,,,2,,-0.003292690130112301,0.0030791237180828658,-0.06527882403475388,81,80,0.05,,,1e-09,0.0001,,0.00106547,0.295766,0.227512,-0.446129,-0.264558,8.44299,1.10209,0.877768
5,96,2,3,1,4,8,1,0.05167145863066578,6.630103617810196e-10,0.46596902400000006,1586.3981206877734,0.9349642286541388,0.0002937276702004551,0.9349642286541388,0.4656752963297996,2,1.1671458630665765,-0.004298747319211511,0.0024853596012434334,-0.06647425996354418,82,81,0.05,,,1e-09,0.0001,73.0,-0.563649,0.00293298,0.00225614,-0.1,-0.373872,8.45782,1.12331,0.8947350000000001
5,97,2,3,2,5,9,1,0.05500000000000001,9.916643308080818e-10,,,,,,,2,,0.0026174182209951764,0.006949092752083497,-0.07158249090870884,112,82,0.05,,,1e-09,0.0001,,0.00013204799999999998,0.329865,0.253743,-0.325513,-0.0695651,8.47771,1.14415,0.9116989999999999
5,98,2,3,2,5,9,1,0.0575,9.916643308080793e-10,,,,,,,2,,0.0011788996027298996,0.005937336626141634,-0.07335928963859449,113,112,0.05,,,1e-09,0.0001,,3.22358e-05,0.26005500000000004,0.200042,-0.329415,-0.22393400000000002,8.49112,1.16022,0.9286280000000001
5,99,2,3,2,5,9,1,0.060000000000000005,9.916643308080818e-10,,,,,,,2,,-0.000369025671799412,0.0048443974076159396,-0.07499005976619734,114,113,0.05,,,1e-09,0.0001,,0.000413235,0.185068,0.14236,-0.318998,-0.369609,8.44713,1.11428,0.945284
5,100,2,3,1,5,9,1,0.06027517136683556,1.0915105174020933e-10,0.2677594752,911.5909135059252,0.9349642286541388,0.0002937276702004551,0.9349642286541388,0.2674657475297995,2,1.0275171366835556,-0.0005389883929707585,0.004723179566138488,-0.07516933103953952,24,13,0.05,,,1e-09,0.0001,78.0,-0.5276029999999999,0.00168339,0.00129491,-0.1,-0.384711,8.37376,1.03905,0.826893
5,101,2,3,1,6,10,1,0.0620733446886658,8.224247892881049e-10,1.044551808,3556.191377159473,0.9349642286541388,0.0002937276702004551,0.9349642286541388,1.0442580803297996,2,0.20733446886658013,0.009557633783282553,0.011382845087138615,-0.07839975786043295,25,24,0.05,,,1e-09,0.0001,79.0,-1.1419700000000002,0.00658566,0.00506589,-0.1,-0.23066599999999998,8.396419999999999,1.06031,0.843858
5,102,2,3,1,7,11,1,0.07062339085488553,2.4727778997677817e-10,0.9038753279999998,3077.256314950335,0.9349642286541388,0.0002937276702004551,0.9349642286541388,0.9035816003297994,2,0.06233908548855416,0.006906879829847139,0.01314918359330693,-0.08803745641430702,26,25,0.05,,,1e-09,0.0001,80.0,-1.3358700000000001,0.00569705,0.00438234,-0.1,-0.186614,8.42172,1.08158,0.860822
5,103,2,1,2,0,1,0,0.0775,3.966657323232327e-09,,,,,,,1,,0.006818664161624708,0.014837772172657217,-0.0950816596149403,27,26,0.1,,,1e-09,0.0001,,0.0112069,0.19908,0.153139,-0.123813,-0.148248,8.43833,1.10283,0.8777870000000001
5,104,2,1,2,0,1,0,0.08,3.966657323232327e-09,,,,,,,1,,0.0067203103585174,0.01541990711883141,-0.09751094869486825,28,27,0.1,,,1e-09,0.0001,,0.00741713,0.187899,0.144538,-0.11984600000000001,-0.16632,8.457180000000001,1.12406,0.8947510000000001
5,105,2,1,2,0,1,0,0.08249999999999999,3.9666573232323055e-09,,,,,,,1,,0.006797069642111213,0.01588417248296311,-0.09996626245975651,48,28,0.1,,,1e-09,0.0001,,0.00552653,0.176899,0.136076,-0.115878,-0.184349,8.47898,1.1449200000000002,0.911711
5,106,2,1,2,0,1,0,0.08499999999999999,3.966657323232327e-09,,,,,,,1,,0.006821399827428481,0.016408311349133353,-0.10241057964274489,49,48,0.1,,,1e-09,0.0001,,0.00425456,0.165946,0.12765,-0.111909,-0.20230599999999999,8.487789999999999,1.16097,0.928637
5,107,2,1,2,0,1,0,0.0875,3.966657323232327e-09,,,,,,,1,,0.006899574666413486,0.016908047348806344,-0.1048588755041923,75,49,0.1,,,1e-09,0.0001,,0.00303401,0.15498499999999998,0.119219,-0.10794000000000001,-0.22017399999999998,8.44558,1.1149,0.9452889999999999
5,108,2,1,2,0,1,0,0.09000000000000001,3.966657323232349e-09,,,,,,,1,,0.007081023685642855,0.017379013078779416,-0.1073073990459643,76,53,0.1,,,1e-09,0.0001,,0.00122789,0.14395,0.110731,-0.10397,-0.237934,8.41211,1.08084,0.8608
5,109,2,1,1,0,1,0,0.09044256987245503,7.02209210246272e-10,0.4422435840000001,188.20306565695273,0.9349642286541388,0.002349821361603641,1.8699284573082775,0.4398937626383964,1,9.044256987245502,0.00708695112471578,0.017407317043310815,-0.10774902314297746,77,76,0.1,,,1e-09,0.0001,36.0,-1.1281299999999999,0.00278428,0.00214175,-0.1,-0.241054,8.436,1.10209,0.877768
5,110,4,2,2,10,13,2,0.0425,1.5866629292929308e-08,,,,,,,2,,-0.010112712429686843,2.4769001815427282e-18,0.017347315653655916,78,77,0.2,,,1e-09,0.0001,,0.045941300000000004,1.04051,0.800389,-0.242929,1.88873,8.452919999999999,1.12331,0.8947350000000001
5,111,4,2,1,10,13,2,0.04461554436683823,1.342662328854681e-08,,,,,,,2,,-0.011824223774813158,2.896099559645393e-18,0.018590801433053847,79,78,0.2,,,1e-09,0.0001,,0.9072969999999999,1.10284,0.8483370000000001,-0.242929,1.8889099999999999,8.47482,1.14415,0.9116989999999999
5,112,3,1,2,8,2,0,0.039999999999999994,3.966657323232327e-09,,,,,,,1,,0.0,0.0,0.02,110,79,0.1,,,1e-09,0.0001,,-0.016065299999999998,1.03588,0.796832,-0.242929,1.88855,8.48869,1.16022,0.9286280000000001
5,113,3,1,2,8,2,0,0.042499999999999996,3.966657323232327e-09,,,,,,,1,,0.0,0.0,0.0225,111,110,0.1,,,1e-09,0.0001,,0.045941300000000004,1.04051,0.800389,-0.242929,1.88873,8.445969999999999,1.11428,0.945284
5,114,3,1,1,8,2,0,0.04423984338571904,2.7605450028959076e-09,,,,,,,1,,0.0,0.0,0.024239843385719047,,,0.1,,,,,,0.9072969999999999,1.10284,0.8483370000000001,-0.242929,1.8889099999999999,,,
